Genre,Rank,RatingTomatometer,Title,No. of Reviews
Action & Adventure,1.0,96%,Black Panther (2018),525
Action & Adventure,2.0,94%,Avengers: Endgame (2019),547
Action & Adventure,3.0,97%,Mission: Impossible - Fallout (2018),437
Action & Adventure,4.0,97%,Mad Max: Fury Road (2015),434
Action & Adventure,5.0,97%,Spider-Man: Into the Spider-Verse (2018),393
Action & Adventure,6.0,93%,Wonder Woman (2017),472
Action & Adventure,7.0,94%,Logan (2017),424
Action & Adventure,8.0,97%,Coco (2017),354
Action & Adventure,9.0,92%,Dunkirk (2017),463
Action & Adventure,10.0,91%,Star Wars: The Last Jedi (2017),483
Action & Adventure,11.0,93%,Thor: Ragnarok (2017),437
Action & Adventure,12.0,100%,Seven Samurai (Shichinin no Samurai) (1956),88
Action & Adventure,13.0,93%,Star Wars: Episode VII - The Force Awakens (2015),446
Action & Adventure,14.0,97%,Metropolis (1927),135
Action & Adventure,15.0,95%,Soul (2020),344
Action & Adventure,16.0,100%,The Adventures of Robin Hood (1938),48
Action & Adventure,17.0,90%,Spider-Man: Far From Home (2019),453
Action & Adventure,18.0,93%,Incredibles 2 (2018),387
Action & Adventure,19.0,98%,Zootopia (2016),298
Action & Adventure,20.0,98%,King Kong (1933),66
Action & Adventure,21.0,94%,War for the Planet of the Apes (2017),361
Action & Adventure,22.0,92%,Baby Driver (2017),396
Action & Adventure,23.0,92%,Spider-Man: Homecoming (2017),395
Action & Adventure,24.0,96%,The Bridge on the River Kwai (1957),93
Action & Adventure,25.0,98%,Jaws (1975),95
Action & Adventure,26.0,98%,Up (2009),298
Action & Adventure,27.0,90%,Shazam! (2019),413
Action & Adventure,28.0,94%,The Dark Knight (2008),345
Action & Adventure,29.0,100%,The Treasure of the Sierra Madre (1948),52
Action & Adventure,30.0,94%,Lawrence of Arabia (1962),124
Action & Adventure,31.0,90%,Captain America: Civil War (2016),427
Action & Adventure,32.0,88%,Blade Runner 2049 (2017),443
Action & Adventure,33.0,92%,Skyfall (2012),384
Action & Adventure,34.0,96%,The 39 Steps (1935),53
Action & Adventure,35.0,94%,The Jungle Book (2016),327
Action & Adventure,36.0,96%,Harry Potter and the Deathly Hallows - Part 2 (2011),332
Action & Adventure,37.0,94%,Mission: Impossible Rogue Nation (2015),326
Action & Adventure,38.0,97%,The Hurt Locker (2009),289
Action & Adventure,39.0,98%,Apocalypse Now (1979),96
Action & Adventure,40.0,85%,Avengers: Infinity War (2018),485
Action & Adventure,41.0,94%,Star Trek (2009),355
Action & Adventure,42.0,96%,The LEGO Movie (2014),253
Action & Adventure,43.0,87%,Ant-Man and the Wasp (2018),439
Action & Adventure,44.0,95%,Moana (2016),283
Action & Adventure,45.0,90%,Isle of Dogs (2018),367
Action & Adventure,46.0,92%,Guardians of the Galaxy (2014),334
Action & Adventure,47.0,97%,Kubo and the Two Strings (2016),226
Action & Adventure,48.0,99%,Wolfwalkers (2020),162
Action & Adventure,49.0,99%,Goldfinger (1964),69
Action & Adventure,50.0,92%,Star Wars: Episode IV - A New Hope (1977),132
Action & Adventure,51.0,100%,Stagecoach (1939),45
Action & Adventure,52.0,91%,Marvel's The Avengers (2012),362
Action & Adventure,53.0,95%,WALL-E (2008),260
Action & Adventure,54.0,96%,Paths of Glory (1957),68
Action & Adventure,55.0,96%,The French Connection (1971),85
Action & Adventure,56.0,94%,Iron Man (2008),281
Action & Adventure,57.0,100%,The Terminator (1984),65
Action & Adventure,58.0,97%,Hunt for the Wilderpeople (2016),206
Action & Adventure,59.0,89%,Doctor Strange (2016),385
Action & Adventure,60.0,94%,Raya and the Last Dragon (2021),283
Action & Adventure,61.0,98%,The Princess Bride (1987),80
Action & Adventure,62.0,100%,The Taking of Pelham One Two Three (1974),43
Action & Adventure,63.0,89%,John Wick: Chapter 3 - Parabellum (2019),353
Action & Adventure,64.0,95%,The Peanut Butter Falcon (2019),220
Action & Adventure,65.0,97%,Aliens (1986),78
Action & Adventure,66.0,94%,Star Wars: Episode V - The Empire Strikes Back (1980),105
Action & Adventure,67.0,90%,X-Men: Days of Future Past (2014),331
Action & Adventure,68.0,95%,True Grit (2010),275
Action & Adventure,69.0,90%,The Suicide Squad (2021),361
Action & Adventure,70.0,94%,All Is Lost (2013),240
Action & Adventure,71.0,93%,Looper (2012),270
Action & Adventure,72.0,94%,Casino Royale (2006),264
Action & Adventure,73.0,90%,The Lego Batman Movie (2017),313
Action & Adventure,74.0,85%,Guardians of the Galaxy Vol. 2 (2017),423
Action & Adventure,75.0,97%,Badlands (1974),59
Action & Adventure,76.0,97%,Chicken Run (2000),173
Action & Adventure,77.0,100%,Stalker (1979),41
Action & Adventure,78.0,93%,No Country for Old Men (2007),288
Action & Adventure,79.0,90%,Dawn Of The Planet Of The Apes (2014),315
Action & Adventure,80.0,79%,Captain Marvel (2019),543
Action & Adventure,81.0,92%,Sicario (2015),280
Action & Adventure,82.0,88%,Onward (2020),337
Action & Adventure,83.0,96%,The African Queen (1951),46
Action & Adventure,84.0,97%,From Russia With Love (1964),61
Action & Adventure,85.0,96%,Ran (1985),89
Action & Adventure,86.0,92%,Jurassic Park (1993),130
Action & Adventure,87.0,98%,A Fistful of Dollars (Per un Pugno di Dollari) (1964),51
Action & Adventure,88.0,100%,Henry V (1989),40
Action & Adventure,89.0,90%,Captain America: The Winter Soldier (2014),308
Action & Adventure,90.0,95%,The Lord of the Rings: The Two Towers (2002),255
Action & Adventure,91.0,97%,Ghostbusters (1984 Original) (1984),73
Action & Adventure,92.0,98%,Rio Bravo (1959),43
Action & Adventure,93.0,94%,The Seventh Seal (Det Sjunde inseglet) (1957),63
Action & Adventure,94.0,93%,The Lion King (1994),136
Action & Adventure,95.0,84%,Deadpool 2 (2018),420
Action & Adventure,96.0,96%,Back to the Future (1985),83
Action & Adventure,97.0,96%,The Fugitive (1993),80
Action & Adventure,98.0,97%,"Crouching Tiger, Hidden Dragon (2001)",159
Action & Adventure,99.0,96%,The Searchers (1956),50
Action & Adventure,100.0,98%,Bullitt (1968),43
Animation,1.0,97%,Toy Story 4 (2019),453
Animation,2.0,97%,Spider-Man: Into the Spider-Verse (2018),393
Animation,3.0,98%,Inside Out (2015),379
Animation,4.0,97%,Coco (2017),354
Animation,5.0,98%,Snow White and the Seven Dwarfs (1937),54
Animation,6.0,95%,Soul (2020),344
Animation,7.0,93%,Incredibles 2 (2018),387
Animation,8.0,98%,Zootopia (2016),298
Animation,9.0,99%,Paddington 2 (2018),247
Animation,10.0,98%,Up (2009),298
Animation,11.0,98%,Toy Story 3 (2010),309
Animation,12.0,100%,Toy Story 2 (1999),170
Animation,13.0,94%,Finding Dory (2016),338
Animation,14.0,99%,Finding Nemo (2003),269
Animation,15.0,100%,Pinocchio (1940),56
Animation,16.0,96%,The LEGO Movie (2014),253
Animation,17.0,95%,Moana (2016),283
Animation,18.0,100%,Toy Story (1995),92
Animation,19.0,90%,Isle of Dogs (2018),367
Animation,20.0,97%,Kubo and the Two Strings (2016),226
Animation,21.0,99%,Wolfwalkers (2020),162
Animation,22.0,99%,How to Train Your Dragon (2010),212
Animation,23.0,99%,Shaun the Sheep Movie (2015),170
Animation,24.0,95%,WALL-E (2008),260
Animation,25.0,96%,Ratatouille (2007),251
Animation,26.0,98%,Dumbo (1941),43
Animation,27.0,94%,Raya and the Last Dragon (2021),283
Animation,28.0,97%,The Incredibles (2004),249
Animation,29.0,99%,My Life as a Zucchini (Ma vie de courgette) (2017),137
Animation,30.0,100%,Only Yesterday (1991),58
Animation,31.0,90%,The Lego Batman Movie (2017),313
Animation,32.0,97%,Chicken Run (2000),173
Animation,33.0,98%,101 Dalmatians (1961),52
Animation,34.0,94%,Beauty and the Beast (1991),118
Animation,35.0,95%,The Nightmare Before Christmas (1993),100
Animation,36.0,88%,Onward (2020),337
Animation,37.0,96%,"Monsters, Inc. (2001)",199
Animation,38.0,92%,Anomalisa (2015),277
Animation,39.0,97%,Spirited Away (2002),195
Animation,40.0,100%,Grave of the Fireflies (Hotaru no haka) (1988),40
Animation,41.0,93%,The Lion King (1994),136
Animation,42.0,99%,Song Of The Sea (2014),97
Animation,43.0,98%,Your Name. (Kimi No Na Wa.) (2017),116
Animation,44.0,96%,The Iron Giant (1999),142
Animation,45.0,99%,Tower (2016),100
Animation,46.0,95%,Fantasia (1940),56
Animation,47.0,97%,Who Framed Roger Rabbit (1988),67
Animation,48.0,96%,Waltz with Bashir (2008),153
Animation,49.0,90%,How to Train Your Dragon: The Hidden World (2019),272
Animation,50.0,91%,Luca (2021),285
Animation,51.0,96%,Persepolis (2007),162
Animation,52.0,95%,Wallace & Gromit: The Curse of the Were-Rabbit (2005),184
Animation,53.0,93%,Fantastic Mr. Fox (2009),245
Animation,54.0,95%,Yellow Submarine (1968),60
Animation,55.0,98%,Kiki's Delivery Service (1989),42
Animation,56.0,98%,Ernest & Célestine (2014),81
Animation,57.0,95%,Aladdin (1992),75
Animation,58.0,95%,The Secret World of Arrietty (2012),152
Animation,59.0,97%,Ghost in the Shell (1996),58
Animation,60.0,90%,Frozen (2013),250
Animation,61.0,93%,The Red Turtle (La tortue rouge) (2017),169
Animation,62.0,88%,Ralph Breaks the Internet (2018),274
Animation,63.0,98%,Long Way North (Tout en haut du monde) (2016),54
Animation,64.0,90%,Coraline (2009),271
Animation,65.0,90%,Big Hero 6 (2014),227
Animation,66.0,98%,Liyana (2018),42
Animation,67.0,96%,I Lost My Body (2019),83
Animation,68.0,95%,The Breadwinner (2017),105
Animation,69.0,96%,A Shaun the Sheep Movie: Farmageddon (2020),79
Animation,70.0,93%,The Secret of NIMH (1982),67
Animation,71.0,91%,Bambi (1942),54
Animation,72.0,93%,The Little Mermaid (1989),71
Animation,73.0,91%,How to Train Your Dragon 2 (2014),188
Animation,74.0,94%,The Triplets of Belleville (2003),150
Animation,75.0,93%,Lady and the Tramp (1955),43
Animation,76.0,93%,Princess Mononoke (Mononoke-hime) (1999),112
Animation,77.0,94%,My Neighbor Totoro (1988),54
Animation,78.0,92%,Arthur Christmas (2011),169
Animation,79.0,92%,Antz (1998),93
Animation,80.0,84%,The LEGO Movie 2: The Second Part (2019),300
Animation,81.0,92%,A Bug's Life (1998),89
Animation,82.0,95%,Mary and Max (2009),65
Animation,83.0,91%,Ponyo (2009),172
Animation,84.0,94%,Klaus (2019),70
Animation,85.0,91%,Teen Titans Go! To the Movies (2018),133
Animation,86.0,89%,Bolt (2008),189
Animation,87.0,89%,Tangled (2010),227
Animation,88.0,89%,Shrek 2 (2004),237
Animation,89.0,89%,ParaNorman (2012),186
Animation,90.0,87%,Frankenweenie (2012),222
Animation,91.0,88%,Shrek (2001),210
Animation,92.0,91%,James and the Giant Peach (1996),75
Animation,93.0,88%,Rango (2011),222
Animation,94.0,88%,The Wind Rises (2014),178
Animation,95.0,88%,Missing Link (2019),171
Animation,96.0,87%,The Simpsons Movie (2007),222
Animation,97.0,93%,Boy and the World (O Menino e o Mundo) (2015),58
Animation,98.0,87%,The Peanuts Movie (2015),197
Animation,99.0,91%,When Marnie Was There (2015),100
Animation,100.0,93%,Millennium Actress (Sennen joyû) (2001),57
Art House & International,1.0,98%,Parasite (Gisaengchung) (2019),464
Art House & International,2.0,99%,The Cabinet of Dr. Caligari (Das Cabinet des Dr. Caligari) (1920),68
Art House & International,3.0,100%,Seven Samurai (Shichinin no Samurai) (1956),88
Art House & International,4.0,97%,La Grande illusion (Grand Illusion) (1938),68
Art House & International,5.0,97%,Metropolis (1927),135
Art House & International,6.0,97%,"Nosferatu, a Symphony of Horror (Nosferatu, eine Symphonie des Grauens) (Nosferatu the Vampire) (1922)",69
Art House & International,7.0,99%,The Battle of Algiers (La Battaglia di Algeri) (1967),89
Art House & International,8.0,99%,Shoplifters (Manbiki kazoku) (2018),227
Art House & International,9.0,100%,M (1931),60
Art House & International,10.0,100%,Battleship Potemkin (1925),49
Art House & International,11.0,97%,Army of Shadows (L'Armée des ombres) (1969),75
Art House & International,12.0,98%,Rashômon (1951),56
Art House & International,13.0,100%,Tokyo Story (Tôkyô monogatari) (1953),49
Art House & International,14.0,100%,Open City (1946),47
Art House & International,15.0,97%,Pather Panchali (1955),72
Art House & International,16.0,100%,The Wages of Fear (1953),45
Art House & International,17.0,100%,Nights of Cabiria (Le Notti di Cabiria) (1957),44
Art House & International,18.0,98%,The 400 Blows (Les Quatre cents coups) (1959),66
Art House & International,19.0,96%,La Dolce Vita (1960),75
Art House & International,20.0,99%,The Umbrellas of Cherbourg (Les Parapluies de Cherbourg) (1964),67
Art House & International,21.0,98%,The Passion of Joan of Arc (La Passion de Jeanne d'Arc) (1928),59
Art House & International,22.0,98%,Let the Right One In (2008),192
Art House & International,23.0,100%,Au Hasard Balthazar (1966),43
Art House & International,24.0,98%,The Conformist (1970),56
Art House & International,25.0,99%,"Faces Places (Visages, villages) (2017)",142
Art House & International,26.0,99%,A Separation (2011),179
Art House & International,27.0,98%,The Discreet Charm Of The Bourgeoisie (Le Charme Discret de la Bourgeoisie) (1972),53
Art House & International,28.0,99%,Things to Come (L'avenir) (2016),148
Art House & International,29.0,99%,My Life as a Zucchini (Ma vie de courgette) (2017),137
Art House & International,30.0,99%,BPM (Beats Per Minute) (120 battements par minute) (2017),135
Art House & International,31.0,98%,8 1/2 (1963),54
Art House & International,32.0,100%,Only Yesterday (1991),58
Art House & International,33.0,96%,The Salesman (Forushande) (2017),196
Art House & International,34.0,100%,Tampopo (1985),55
Art House & International,35.0,98%,Ikiru (1956),47
Art House & International,36.0,99%,Gloria (2014),129
Art House & International,37.0,95%,Amy (2015),225
Art House & International,38.0,94%,A Fantastic Woman (Una mujer fantástica) (2018),228
Art House & International,39.0,98%,Eyes Without a Face (1962),55
Art House & International,40.0,100%,The Tale of the Princess Kaguya (2014),96
Art House & International,41.0,98%,The Leopard (1963),48
Art House & International,42.0,95%,Le Cercle Rouge (1970),65
Art House & International,43.0,95%,Sing Street (2016),214
Art House & International,44.0,100%,Three Colors: Red (Trois couleurs: Rouge) (1994),54
Art House & International,45.0,100%,Stalker (1979),41
Art House & International,46.0,95%,Burning (Beoning) (2018),196
Art House & International,47.0,96%,The Blue Angel (Der Blaue Engel) (1930),45
Art House & International,48.0,98%,Children of Paradise (Les Enfants du Paradis) (1946),40
Art House & International,49.0,98%,God's Own Country (2017),130
Art House & International,50.0,98%,Playtime (1973),51
Art House & International,51.0,96%,Ran (1985),89
Art House & International,52.0,98%,A Fistful of Dollars (Per un Pugno di Dollari) (1964),51
Art House & International,53.0,100%,Sugar Cane Alley (Rue Cases Negres) (1984),40
Art House & International,54.0,95%,Loveless (Nelyubov) (2018),186
Art House & International,55.0,100%,Grave of the Fireflies (Hotaru no haka) (1988),40
Art House & International,56.0,100%,GETT: The Trial of Viviane Amsalem (2015),80
Art House & International,57.0,94%,The Seventh Seal (Det Sjunde inseglet) (1957),63
Art House & International,58.0,93%,Toni Erdmann (2016),242
Art House & International,59.0,98%,Timbuktu (2015),124
Art House & International,60.0,98%,The Young Girls of Rochefort (Les Demoiselles de Rochefort) (1968),44
Art House & International,61.0,98%,The Road (La Strada) (1954),43
Art House & International,62.0,97%,"Crouching Tiger, Hidden Dragon (2001)",159
Art House & International,63.0,96%,The Rules of the Game (La règle du jeu) (1939),51
Art House & International,64.0,98%,Wings of Desire (1987),56
Art House & International,65.0,96%,"Aguirre, the Wrath of God (Aguirre, der Zorn Gottes) (1972)",50
Art House & International,66.0,99%,Jiro Dreams of Sushi (2012),95
Art House & International,67.0,97%,Border (Gräns) (2018),130
Art House & International,68.0,100%,Aruitemo Aruitemo (Still Walking) (2008),64
Art House & International,69.0,98%,All About My Mother (Todo sobre mi madre) (1999),91
Art House & International,70.0,100%,Poetry (2011),72
Art House & International,71.0,98%,The Band's Visit (2007),119
Art House & International,72.0,96%,Waltz with Bashir (2008),153
Art House & International,73.0,100%,Waste Land (2010),71
Art House & International,74.0,93%,Amour (2012),224
Art House & International,75.0,96%,Embrace Of The Serpent (El Abrazo De La Serpiente) (2016),149
Art House & International,76.0,100%,Afghan Star (2009),62
Art House & International,77.0,97%,Project Nim (2011),147
Art House & International,78.0,96%,After the Storm (Umi yori mo mada fukaku) (2017),138
Art House & International,79.0,94%,Transit (2019),180
Art House & International,80.0,98%,The Vanishing (Spoorloos) (1988),49
Art House & International,81.0,96%,Masculin Feminin (1966),45
Art House & International,82.0,93%,Elevator to the Gallows (Ascenseur pour l'échafaud) (1958),58
Art House & International,83.0,98%,Three Colors: Blue (Trois Couleurs: Bleu) (1993),46
Art House & International,84.0,97%,Monsieur Lazhar (2012),119
Art House & International,85.0,99%,About Elly (2015),70
Art House & International,86.0,100%,Fireworks Wednesday (Chaharshanbe-soori) (2016),45
Art House & International,87.0,100%,Last Train Home (2010),55
Art House & International,88.0,95%,The Class (2008),161
Art House & International,89.0,93%,Godzilla (Gojira) (1954),74
Art House & International,90.0,96%,The Look of Silence (2015),139
Art House & International,91.0,97%,Maria Full of Grace (2004),146
Art House & International,92.0,98%,My Left Foot (1989),42
Art House & International,93.0,100%,Nostalgia for the Light (2011),48
Art House & International,94.0,96%,A Prophet (Un prophete) (2010),163
Art House & International,95.0,98%,My Beautiful Laundrette (1985),42
Art House & International,96.0,96%,The Kid with a Bike (2012),133
Art House & International,97.0,98%,Ernest & Célestine (2014),81
Art House & International,98.0,95%,Throne of Blood (1957),44
Art House & International,99.0,96%,Mafioso (1964),50
Art House & International,100.0,99%,Moolaadé (2004),74
Classics,1.0,99%,It Happened One Night (1934),98
Classics,2.0,99%,Citizen Kane (1941),121
Classics,3.0,98%,The Wizard of Oz (1939),160
Classics,4.0,98%,Modern Times (1936),109
Classics,5.0,99%,Casablanca (1942),124
Classics,6.0,98%,Sunset Boulevard (1950),110
Classics,7.0,99%,All About Eve (1950),103
Classics,8.0,99%,The Cabinet of Dr. Caligari (Das Cabinet des Dr. Caligari) (1920),68
Classics,9.0,100%,The Philadelphia Story (1940),102
Classics,10.0,100%,Rebecca (1940),95
Classics,11.0,99%,His Girl Friday (1940),100
Classics,12.0,97%,A Night at the Opera (1935),70
Classics,13.0,99%,The Third Man (1949),86
Classics,14.0,98%,Rear Window (1954),122
Classics,15.0,100%,Seven Samurai (Shichinin no Samurai) (1956),88
Classics,16.0,97%,La Grande illusion (Grand Illusion) (1938),68
Classics,17.0,100%,Singin' in the Rain (1952),67
Classics,18.0,98%,All Quiet on the Western Front (1930),81
Classics,19.0,98%,Snow White and the Seven Dwarfs (1937),54
Classics,20.0,99%,On the Waterfront (1954),107
Classics,21.0,96%,An American in Paris (1951),94
Classics,22.0,98%,The Best Years of Our Lives (1946),91
Classics,23.0,97%,Metropolis (1927),135
Classics,24.0,100%,The Kid (1921),49
Classics,25.0,97%,"Nosferatu, a Symphony of Horror (Nosferatu, eine Symphonie des Grauens) (Nosferatu the Vampire) (1922)",69
Classics,26.0,100%,The Adventures of Robin Hood (1938),48
Classics,27.0,97%,North by Northwest (1959),109
Classics,28.0,100%,Laura (1944),65
Classics,29.0,98%,King Kong (1933),66
Classics,30.0,100%,Shadow of a Doubt (1943),49
Classics,31.0,96%,Psycho (1960),105
Classics,32.0,98%,A Hard Day's Night (1964),112
Classics,33.0,96%,The Bridge on the River Kwai (1957),93
Classics,34.0,100%,Top Hat (1935),42
Classics,35.0,98%,The Bride of Frankenstein (1935),47
Classics,36.0,100%,12 Angry Men (Twelve Angry Men) (1957),58
Classics,37.0,99%,Marty (1955),70
Classics,38.0,100%,The Lady Eve (1941),48
Classics,39.0,100%,The Treasure of the Sierra Madre (1948),52
Classics,40.0,94%,Lawrence of Arabia (1962),124
Classics,41.0,99%,Chinatown (1974),76
Classics,42.0,98%,The Lady Vanishes (1938),45
Classics,43.0,98%,Dr. Strangelove Or How I Learned to Stop Worrying and Love the Bomb (1964),93
Classics,44.0,97%,All the King's Men (1949),70
Classics,45.0,96%,The 39 Steps (1935),53
Classics,46.0,100%,Frankenstein (1931),52
Classics,47.0,98%,The Thin Man (1934),43
Classics,48.0,100%,The Gold Rush (1925),50
Classics,49.0,100%,Battleship Potemkin (1925),49
Classics,50.0,97%,A Streetcar Named Desire (1951),63
Classics,51.0,95%,Touch of Evil (1958),79
Classics,52.0,100%,Kind Hearts and Coronets (1949),47
Classics,53.0,98%,Rashômon (1951),56
Classics,54.0,94%,It's a Wonderful Life (1946),90
Classics,55.0,94%,Vertigo (1958),84
Classics,56.0,100%,The Last Picture Show (1971),60
Classics,57.0,97%,The Red Shoes (1948),62
Classics,58.0,98%,Scarface (1932),46
Classics,59.0,100%,The Grapes of Wrath (1940),48
Classics,60.0,97%,The Lost Weekend (1945),62
Classics,61.0,97%,The Big Sleep (1946),65
Classics,62.0,99%,Goldfinger (1964),69
Classics,63.0,100%,Cool Hand Luke (1967),53
Classics,64.0,98%,The 400 Blows (Les Quatre cents coups) (1959),66
Classics,65.0,100%,Anatomy of a Murder (1959),50
Classics,66.0,100%,Stagecoach (1939),45
Classics,67.0,98%,Invasion of the Body Snatchers (1956),58
Classics,68.0,98%,The Passion of Joan of Arc (La Passion de Jeanne d'Arc) (1928),59
Classics,69.0,98%,Sweet Smell of Success (1957),55
Classics,70.0,96%,Paths of Glory (1957),68
Classics,71.0,96%,The French Connection (1971),85
Classics,72.0,97%,Roman Holiday (1953),60
Classics,73.0,95%,Freaks (1932),55
Classics,74.0,94%,Bringing Up Baby (1938),51
Classics,75.0,92%,2001: A Space Odyssey (1968),114
Classics,76.0,95%,In the Heat of the Night (1967),83
Classics,77.0,98%,In a Lonely Place (1950),47
Classics,78.0,96%,Night of the Living Dead (1968),75
Classics,79.0,98%,Gentlemen Prefer Blondes (1953),45
Classics,80.0,96%,Rosemary's Baby (1968),74
Classics,81.0,98%,Sunrise: A Song of Two Humans (1927),62
Classics,82.0,95%,The Day the Earth Stood Still (1951),57
Classics,83.0,98%,Detour (1945),41
Classics,84.0,95%,Mrs. Miniver (1942),60
Classics,85.0,96%,City Lights (1931),55
Classics,86.0,96%,Miracle on 34th Street (1947),48
Classics,87.0,98%,Home of the Brave (1949),40
Classics,88.0,90%,Gone With the Wind (1939),102
Classics,89.0,97%,Badlands (1974),59
Classics,90.0,95%,Repulsion (1965),65
Classics,91.0,98%,The Leopard (1963),48
Classics,92.0,98%,101 Dalmatians (1961),52
Classics,93.0,97%,The Manchurian Candidate (1962),60
Classics,94.0,96%,The Blue Angel (Der Blaue Engel) (1930),45
Classics,95.0,98%,Children of Paradise (Les Enfants du Paradis) (1946),40
Classics,96.0,98%,Kiss Me Deadly (1955),43
Classics,97.0,95%,Stormy Weather (1943),41
Classics,98.0,94%,One Flew Over the Cuckoo's Nest (1975),83
Classics,99.0,94%,The Invisible Man (1933),51
Classics,100.0,96%,The African Queen (1951),46
Comedy,1.0,99%,It Happened One Night (1934),98
Comedy,2.0,98%,Modern Times (1936),109
Comedy,3.0,97%,Toy Story 4 (2019),453
Comedy,4.0,99%,Lady Bird (2017),398
Comedy,5.0,96%,BlacKkKlansman (2018),447
Comedy,6.0,100%,The Philadelphia Story (1940),102
Comedy,7.0,99%,Eighth Grade (2018),319
Comedy,8.0,96%,Booksmart (2019),378
Comedy,9.0,99%,His Girl Friday (1940),100
Comedy,10.0,97%,Coco (2017),354
Comedy,11.0,97%,A Night at the Opera (1935),70
Comedy,12.0,97%,The Farewell (2019),345
Comedy,13.0,100%,Singin' in the Rain (1952),67
Comedy,14.0,98%,The Big Sick (2017),305
Comedy,15.0,85%,Once Upon a Time In Hollywood (2019),571
Comedy,16.0,100%,The Kid (1921),49
Comedy,17.0,91%,La La Land (2016),467
Comedy,18.0,98%,Zootopia (2016),298
Comedy,19.0,99%,Paddington 2 (2018),247
Comedy,20.0,98%,A Hard Day's Night (1964),112
Comedy,21.0,100%,Top Hat (1935),42
Comedy,22.0,98%,Up (2009),298
Comedy,23.0,98%,Toy Story 3 (2010),309
Comedy,24.0,100%,Toy Story 2 (1999),170
Comedy,25.0,90%,"Three Billboards Outside Ebbing, Missouri (2017)",409
Comedy,26.0,100%,The Lady Eve (1941),48
Comedy,27.0,98%,Dr. Strangelove Or How I Learned to Stop Worrying and Love the Bomb (1964),93
Comedy,28.0,99%,Finding Nemo (2003),269
Comedy,29.0,98%,The Thin Man (1934),43
Comedy,30.0,100%,The Gold Rush (1925),50
Comedy,31.0,100%,Kind Hearts and Coronets (1949),47
Comedy,32.0,93%,Sorry to Bother You (2018),311
Comedy,33.0,96%,Paterson (2016),262
Comedy,34.0,96%,The LEGO Movie (2014),253
Comedy,35.0,87%,Ant-Man and the Wasp (2018),439
Comedy,36.0,91%,The Disaster Artist (2017),351
Comedy,37.0,100%,Toy Story (1995),92
Comedy,38.0,90%,Crazy Rich Asians (2018),367
Comedy,39.0,90%,Isle of Dogs (2018),367
Comedy,40.0,91%,Birdman (2014),356
Comedy,41.0,95%,The Artist (2011),322
Comedy,42.0,96%,La Dolce Vita (1960),75
Comedy,43.0,95%,The Death of Stalin (2018),249
Comedy,44.0,95%,Palm Springs (2020),244
Comedy,45.0,97%,Monty Python and the Holy Grail (1975),78
Comedy,46.0,99%,Shaun the Sheep Movie (2015),170
Comedy,47.0,97%,Roman Holiday (1953),60
Comedy,48.0,95%,Spy (2015),259
Comedy,49.0,97%,Hunt for the Wilderpeople (2016),206
Comedy,50.0,92%,The Grand Budapest Hotel (2014),311
Comedy,51.0,94%,Bringing Up Baby (1938),51
Comedy,52.0,96%,Ratatouille (2007),251
Comedy,53.0,98%,The Discreet Charm Of The Bourgeoisie (Le Charme Discret de la Bourgeoisie) (1972),53
Comedy,54.0,97%,The Incredibles (2004),249
Comedy,55.0,96%,Annie Hall (1977),84
Comedy,56.0,96%,Love & Friendship (2016),214
Comedy,57.0,92%,Logan Lucky (2017),285
Comedy,58.0,98%,Gentlemen Prefer Blondes (1953),45
Comedy,59.0,100%,Tampopo (1985),55
Comedy,60.0,97%,Sideways (2004),233
Comedy,61.0,97%,Groundhog Day (1993),86
Comedy,62.0,91%,The Nice Guys (2016),320
Comedy,63.0,96%,City Lights (1931),55
Comedy,64.0,90%,The Suicide Squad (2021),361
Comedy,65.0,97%,Airplane! (1980),71
Comedy,66.0,90%,The Lego Batman Movie (2017),313
Comedy,67.0,85%,Guardians of the Galaxy Vol. 2 (2017),423
Comedy,68.0,97%,Chicken Run (2000),173
Comedy,69.0,93%,Moonrise Kingdom (2012),266
Comedy,70.0,98%,101 Dalmatians (1961),52
Comedy,71.0,98%,The Forty-Year-Old Version (2020),131
Comedy,72.0,93%,Fighting with My Family (2019),242
Comedy,73.0,96%,What We Do In The Shadows (2015),189
Comedy,74.0,97%,Paddington (2015),164
Comedy,75.0,98%,Playtime (1973),51
Comedy,76.0,98%,Don't Think Twice (2016),136
Comedy,77.0,99%,Saint Frances (2020),102
Comedy,78.0,94%,The Invisible Man (1933),51
Comedy,79.0,98%,Blow the Man Down (2020),123
Comedy,80.0,96%,"Monsters, Inc. (2001)",199
Comedy,81.0,92%,Anomalisa (2015),277
Comedy,82.0,95%,The Truman Show (1998),135
Comedy,83.0,97%,Big (1988),76
Comedy,84.0,97%,Ghostbusters (1984 Original) (1984),73
Comedy,85.0,93%,You Can't Take It With You (1938),46
Comedy,86.0,98%,The Player (1992),64
Comedy,87.0,96%,To Be or Not to Be (1942),47
Comedy,88.0,95%,The Muppets (2011),231
Comedy,89.0,95%,Enough Said (2013),191
Comedy,90.0,84%,Deadpool 2 (2018),420
Comedy,91.0,94%,The Edge of Seventeen (2016),216
Comedy,92.0,96%,Back to the Future (1985),83
Comedy,93.0,97%,Bull Durham (1988),71
Comedy,94.0,96%,The Rules of the Game (La règle du jeu) (1939),51
Comedy,95.0,93%,The Apartment (1960),72
Comedy,96.0,92%,Silver Linings Playbook (2012),262
Comedy,97.0,95%,Lost In Translation (2003),232
Comedy,98.0,98%,Broadcast News (1987),53
Comedy,99.0,94%,The Women (1939),63
Comedy,100.0,97%,Who Framed Roger Rabbit (1988),67
Documentary,1.0,97%,Won't You Be My Neighbor? (2018),255
Documentary,2.0,99%,I Am Not Your Negro (2017),210
Documentary,3.0,99%,Apollo 11 (2019),186
Documentary,4.0,99%,"Summer of Soul (...Or, When the Revolution Could Not Be Televised) (2021)",208
Documentary,5.0,98%,Life Itself (2014),203
Documentary,6.0,100%,Man on Wire (2008),159
Documentary,7.0,99%,Amazing Grace (2019),160
Documentary,8.0,100%,Minding the Gap (2018),123
Documentary,9.0,99%,"Faces Places (Visages, villages) (2017)",142
Documentary,10.0,99%,Collective (Colectiv) (2020),130
Documentary,11.0,99%,McQueen (2018),126
Documentary,12.0,100%,Crip Camp: A Disability Revolution (2020),100
Documentary,13.0,99%,20 Feet From Stardom (2013),128
Documentary,14.0,97%,Weiner (2016),177
Documentary,15.0,96%,Three Identical Strangers (2018),186
Documentary,16.0,95%,Amy (2015),225
Documentary,17.0,100%,Dick Johnson Is Dead (2020),91
Documentary,18.0,97%,Free Solo (2018),157
Documentary,19.0,99%,MLK/FBI (2021),124
Documentary,20.0,98%,Kedi (2017),130
Documentary,21.0,98%,The Last Waltz (1978),50
Documentary,22.0,99%,Knock Down the House (2019),105
Documentary,23.0,98%,Time (2020),124
Documentary,24.0,99%,Totally Under Control (2020),102
Documentary,25.0,98%,Blackfish (2013),131
Documentary,26.0,100%,Stop Making Sense (1984),40
Documentary,27.0,100%,Taxi to the Dark Side (2007),93
Documentary,28.0,100%,The Decline of Western Civilization (1981),40
Documentary,29.0,98%,Murderball (2005),141
Documentary,30.0,98%,Maiden (2019),118
Documentary,31.0,100%,Welcome to Chechnya (2020),72
Documentary,32.0,98%,Jodorowsky's Dune (2014),121
Documentary,33.0,99%,Tower (2016),100
Documentary,34.0,98%,Anvil! The Story of Anvil (2009),140
Documentary,35.0,98%,Inside Job (2010),148
Documentary,36.0,100%,All In: The Fight for Democracy (2020),66
Documentary,37.0,98%,The Velvet Underground (2021),126
Documentary,38.0,100%,The Square (Al Midan) (2013),69
Documentary,39.0,99%,Jiro Dreams of Sushi (2012),95
Documentary,40.0,100%,Mucho Mucho Amor: The Legend of Walter Mercado (2020),63
Documentary,41.0,99%,The Missing Picture (2014),89
Documentary,42.0,100%,Seymour: An Introduction (2015),68
Documentary,43.0,98%,Paris Is Burning (1991),57
Documentary,44.0,100%,Deliver Us from Evil (2006),72
Documentary,45.0,100%,Athlete A (2020),57
Documentary,46.0,98%,One Child Nation (2019),101
Documentary,47.0,100%,Bright Lights: Starring Carrie Fisher and Debbie Reynolds (2017),57
Documentary,48.0,96%,Waltz with Bashir (2008),153
Documentary,49.0,98%,Hoop Dreams (1994),60
Documentary,50.0,100%,A Secret Love (2020),54
Documentary,51.0,100%,Waste Land (2010),71
Documentary,52.0,96%,Citizenfour (2014),146
Documentary,53.0,99%,On the Record (2020),73
Documentary,54.0,99%,The Interrupters (2011),93
Documentary,55.0,100%,Afghan Star (2009),62
Documentary,56.0,100%,White Riot (2019),50
Documentary,57.0,100%,Slay the Dragon (2020),49
Documentary,58.0,97%,Project Nim (2011),147
Documentary,59.0,99%,Shirkers (2018),71
Documentary,60.0,98%,Iris (2015),100
Documentary,61.0,97%,Capturing the Friedmans (2003),154
Documentary,62.0,100%,Strong Island (2017),48
Documentary,63.0,100%,"Mr. Death: The Rise and Fall of Fred A. Leuchter, Jr. (1999)",42
Documentary,64.0,99%,The Fight (2020),67
Documentary,65.0,100%,A Thousand Cuts (2020),44
Documentary,66.0,100%,Rewind (2020),44
Documentary,67.0,98%,Tea With the Dames (Nothing Like a Dame) (2018),88
Documentary,68.0,99%,The Invisible War (2012),72
Documentary,69.0,100%,Sound City (2013),46
Documentary,70.0,99%,56 Up (2013),69
Documentary,71.0,99%,Elaine Stritch: Shoot Me (2014),67
Documentary,72.0,95%,The Act Of Killing (2013),160
Documentary,73.0,100%,My Journey Through French Cinema (Voyage À Travers Le Cinéma Français) (2017),42
Documentary,74.0,100%,Last Train Home (2010),55
Documentary,75.0,100%,Changing the Game (2019),41
Documentary,76.0,96%,The Look of Silence (2015),139
Documentary,77.0,100%,California Typewriter (2017),40
Documentary,78.0,100%,More Than Honey (2013),41
Documentary,79.0,100%,Nostalgia for the Light (2011),48
Documentary,80.0,100%,Everyday Sunshine: The Story of Fishbone (2011),47
Documentary,81.0,97%,13th (2016),110
Documentary,82.0,99%,Bill Cunningham New York (2011),74
Documentary,83.0,100%,We Were Here (2011),46
Documentary,84.0,97%,Spellbound (2002),139
Documentary,85.0,97%,Enron: The Smartest Guys in the Room (2005),119
Documentary,86.0,100%,Sholem Aleichem: Laughing in the Darkness (2011),43
Documentary,87.0,98%,Ai Weiwei: Never Sorry (2012),83
Documentary,88.0,99%,Rivers and Tides: Andy Goldsworthy Working With Time (2002),71
Documentary,89.0,98%,How to Survive a Plague (2012),80
Documentary,90.0,93%,RBG (2018),181
Documentary,91.0,97%,This Is Not a Film (2012),102
Documentary,92.0,98%,When We Were Kings (1996),49
Documentary,93.0,96%,The Painter and the Thief (2020),110
Documentary,94.0,94%,March of the Penguins (2005),184
Documentary,95.0,96%,Hitchcock/Truffaut (2015),119
Documentary,96.0,97%,Kurt Cobain: Montage Of Heck (2015),94
Documentary,97.0,96%,Cave of Forgotten Dreams (2011),137
Documentary,98.0,97%,The King of Kong: A Fistful of Quarters (2007),102
Documentary,99.0,96%,The Fog of War: Eleven Lessons from the Life of Robert S. McNamara (2003),142
Documentary,100.0,95%,Bowling for Columbine (2002),173
Drama,1.0,99%,Citizen Kane (1941),121
Drama,2.0,96%,Black Panther (2018),525
Drama,3.0,98%,Parasite (Gisaengchung) (2019),464
Drama,4.0,94%,Avengers: Endgame (2019),547
Drama,5.0,99%,Casablanca (1942),124
Drama,6.0,97%,Knives Out (2019),468
Drama,7.0,99%,Lady Bird (2017),398
Drama,8.0,97%,Mission: Impossible - Fallout (2018),437
Drama,9.0,96%,BlacKkKlansman (2018),447
Drama,10.0,95%,The Irishman (2019),456
Drama,11.0,97%,The Godfather (1972),134
Drama,12.0,98%,Moonlight (2016),393
Drama,13.0,98%,Sunset Boulevard (1950),110
Drama,14.0,99%,All About Eve (1950),103
Drama,15.0,96%,Roma (2018),404
Drama,16.0,93%,Wonder Woman (2017),472
Drama,17.0,90%,A Star Is Born (2018),528
Drama,18.0,96%,A Quiet Place (2018),387
Drama,19.0,98%,One Night in Miami (2020),335
Drama,20.0,100%,Rebecca (1940),95
Drama,21.0,94%,Logan (2017),424
Drama,22.0,99%,His Girl Friday (1940),100
Drama,23.0,98%,Portrait of a Lady on Fire (Portrait de la jeune fille en feu) (2020),324
Drama,24.0,92%,Dunkirk (2017),463
Drama,25.0,91%,Star Wars: The Last Jedi (2017),483
Drama,26.0,92%,The Shape of Water (2017),460
Drama,27.0,93%,Thor: Ragnarok (2017),437
Drama,28.0,97%,Spotlight (2015),376
Drama,29.0,97%,The Farewell (2019),345
Drama,30.0,99%,Selma (2014),313
Drama,31.0,98%,Rear Window (1954),122
Drama,32.0,100%,Seven Samurai (Shichinin no Samurai) (1956),88
Drama,33.0,97%,La Grande illusion (Grand Illusion) (1938),68
Drama,34.0,94%,Arrival (2016),435
Drama,35.0,93%,The Favourite (2018),423
Drama,36.0,97%,Double Indemnity (1944),92
Drama,37.0,98%,All Quiet on the Western Front (1930),81
Drama,38.0,94%,Marriage Story (2019),393
Drama,39.0,99%,On the Waterfront (1954),107
Drama,40.0,98%,The Best Years of Our Lives (1946),91
Drama,41.0,97%,Metropolis (1927),135
Drama,42.0,97%,Boyhood (2014),328
Drama,43.0,96%,Gravity (2013),357
Drama,44.0,100%,Leave No Trace (2018),248
Drama,45.0,100%,The Maltese Falcon (1941),64
Drama,46.0,95%,12 Years a Slave (2013),374
Drama,47.0,85%,Once Upon a Time In Hollywood (2019),571
Drama,48.0,96%,Argo (2012),360
Drama,49.0,97%,Ma Rainey's Black Bottom (2020),301
Drama,50.0,96%,Manchester by the Sea (2016),353
Drama,51.0,91%,La La Land (2016),467
Drama,52.0,98%,Alien (1979),127
Drama,53.0,100%,Shadow of a Doubt (1943),49
Drama,54.0,94%,Call Me by Your Name (2018),363
Drama,55.0,89%,1917 (2020),461
Drama,56.0,99%,L.A. Confidential (1997),161
Drama,57.0,96%,The Florida Project (2017),317
Drama,58.0,94%,War for the Planet of the Apes (2017),361
Drama,59.0,91%,Widows (2018),420
Drama,60.0,99%,Never Rarely Sometimes Always (2020),236
Drama,61.0,92%,Baby Driver (2017),396
Drama,62.0,92%,Spider-Man: Homecoming (2017),395
Drama,63.0,96%,"The Godfather, Part II (1974)",114
Drama,64.0,99%,The Battle of Algiers (La Battaglia di Algeri) (1967),89
Drama,65.0,97%,Sound of Metal (2020),275
Drama,66.0,93%,Nomadland (2021),420
Drama,67.0,96%,The Bridge on the River Kwai (1957),93
Drama,68.0,96%,Pain and Glory (Dolor y gloria) (2019),299
Drama,69.0,98%,Schindler's List (1993),128
Drama,70.0,99%,Shoplifters (Manbiki kazoku) (2018),227
Drama,71.0,100%,M (1931),60
Drama,72.0,97%,Hell or High Water (2016),286
Drama,73.0,98%,Jaws (1975),95
Drama,74.0,90%,Promising Young Woman (2020),406
Drama,75.0,94%,The Dark Knight (2008),345
Drama,76.0,98%,The Babadook (2014),242
Drama,77.0,97%,Brooklyn (2015),276
Drama,78.0,100%,12 Angry Men (Twelve Angry Men) (1957),58
Drama,79.0,99%,Marty (1955),70
Drama,80.0,90%,"Three Billboards Outside Ebbing, Missouri (2017)",409
Drama,81.0,98%,Bicycle Thieves (Ladri di biciclette) (The Bicycle Thief) (1949),66
Drama,82.0,100%,The Treasure of the Sierra Madre (1948),52
Drama,83.0,94%,Lawrence of Arabia (1962),124
Drama,84.0,99%,Chinatown (1974),76
Drama,85.0,95%,Creed (2015),312
Drama,86.0,88%,Blade Runner 2049 (2017),443
Drama,87.0,97%,All the King's Men (1949),70
Drama,88.0,98%,The Wrestler (2008),233
Drama,89.0,87%,First Man (2018),457
Drama,90.0,96%,Harry Potter and the Deathly Hallows - Part 2 (2011),332
Drama,91.0,97%,The Hurt Locker (2009),289
Drama,92.0,100%,Battleship Potemkin (1925),49
Drama,93.0,97%,Dolemite Is My Name (2019),233
Drama,94.0,92%,Uncut Gems (2019),342
Drama,95.0,93%,Hidden Figures (2017),322
Drama,96.0,90%,"I, Tonya (2018)",385
Drama,97.0,97%,A Streetcar Named Desire (1951),63
Drama,98.0,98%,Apocalypse Now (1979),96
Drama,99.0,95%,Touch of Evil (1958),79
Drama,100.0,90%,The Lighthouse (2019),382
Horror,1.0,93%,Us (2019),553
Horror,2.0,98%,Get Out (2017),398
Horror,3.0,99%,The Cabinet of Dr. Caligari (Das Cabinet des Dr. Caligari) (1920),68
Horror,4.0,96%,A Quiet Place (2018),387
Horror,5.0,92%,The Invisible Man (2020),412
Horror,6.0,97%,"Nosferatu, a Symphony of Horror (Nosferatu, eine Symphonie des Grauens) (Nosferatu the Vampire) (1922)",69
Horror,7.0,98%,King Kong (1933),66
Horror,8.0,96%,Psycho (1960),105
Horror,9.0,98%,The Bride of Frankenstein (1935),47
Horror,10.0,98%,The Babadook (2014),242
Horror,11.0,100%,Frankenstein (1931),52
Horror,12.0,90%,The Lighthouse (2019),382
Horror,13.0,96%,It Follows (2015),267
Horror,14.0,89%,Hereditary (2018),382
Horror,15.0,98%,Let the Right One In (2008),192
Horror,16.0,95%,Freaks (1932),55
Horror,17.0,96%,Halloween (1978),78
Horror,18.0,97%,Aliens (1986),78
Horror,19.0,96%,The Silence of the Lambs (1991),105
Horror,20.0,96%,Night of the Living Dead (1968),75
Horror,21.0,96%,Rosemary's Baby (1968),74
Horror,22.0,98%,Eyes Without a Face (1962),55
Horror,23.0,100%,Host (2020),93
Horror,24.0,95%,Pan's Labyrinth (2006),239
Horror,25.0,94%,Possessor: Uncut (2020),219
Horror,26.0,95%,Repulsion (1965),65
Horror,27.0,90%,The Witch (2016),332
Horror,28.0,92%,The Cabin in the Woods (2012),289
Horror,29.0,94%,The Invisible Man (1933),51
Horror,30.0,95%,Don't Look Now (1973),76
Horror,31.0,86%,It (2017),387
Horror,32.0,92%,Relic (2020),232
Horror,33.0,98%,The Friends of Eddie Coyle (1973),40
Horror,34.0,94%,Young Frankenstein (1974),69
Horror,35.0,95%,The Birds (1963),57
Horror,36.0,88%,Ready or Not (2019),313
Horror,37.0,98%,The Vanishing (Spoorloos) (1988),49
Horror,38.0,92%,Drag Me to Hell (2009),270
Horror,39.0,96%,A Girl Walks Home Alone at Night (2014),135
Horror,40.0,93%,Godzilla (Gojira) (1954),74
Horror,41.0,95%,House of Wax (1953),44
Horror,42.0,94%,Dracula (1931),49
Horror,43.0,95%,The Fly (1958),41
Horror,44.0,83%,Midsommar (2019),398
Horror,45.0,93%,Carrie (1976),67
Horror,46.0,95%,Nosferatu: Phantom der Nacht (Nosferatu the Vampyre) (1979),60
Horror,47.0,95%,Evil Dead 2: Dead by Dawn (1987),63
Horror,48.0,95%,The Evil Dead (1981),63
Horror,49.0,96%,La Llorona (2020),95
Horror,50.0,98%,The Loved Ones (2012),57
Horror,51.0,94%,The Innocents (1961),54
Horror,52.0,93%,The Fly (1986),69
Horror,53.0,97%,Spontaneous (2020),64
Horror,54.0,98%,My Heart Can't Beat Unless You Tell It To (2021),49
Horror,55.0,95%,A Nightmare on Elm Street (1984),55
Horror,56.0,97%,The Boy Behind the Door (2020),62
Horror,57.0,93%,Them! (1954),57
Horror,58.0,93%,Dead of Night (1945),43
Horror,59.0,95%,The Love Witch (2016),113
Horror,60.0,97%,Harpoon (2019),61
Horror,61.0,94%,Room 237 (2013),133
Horror,62.0,98%,Werckmeister Harmonies (2001),41
Horror,63.0,93%,Suspiria (1977),59
Horror,64.0,94%,Re-Animator (1985),62
Horror,65.0,96%,The Amusement Park (2019),72
Horror,66.0,92%,Shaun of the Dead (2004),215
Horror,67.0,94%,Train to Busan (Busanhaeng) (2016),120
Horror,68.0,92%,Invasion of the Body Snatchers (1978),61
Horror,69.0,93%,The Host (2007),155
Horror,70.0,94%,Dawn of the Dead (1979),48
Horror,71.0,87%,It Comes At Night (2017),257
Horror,72.0,89%,Zombieland (2009),259
Horror,73.0,91%,In Fabric (2019),160
Horror,74.0,88%,Don't Breathe (2016),242
Horror,75.0,95%,The Mortuary Collection (2019),66
Horror,76.0,90%,Phantom of the Opera (1925),51
Horror,77.0,92%,The Endless (2018),131
Horror,78.0,92%,What Ever Happened to Baby Jane? (1962),50
Horror,79.0,93%,CAM (2018),102
Horror,80.0,89%,The Mummy (1932),44
Horror,81.0,90%,The Wolf Man (1941),41
Horror,82.0,86%,The Thing from Another World (1951),66
Horror,83.0,95%,We Are Still Here (2015),44
Horror,84.0,88%,Upgrade (2018),193
Horror,85.0,90%,Eraserhead (1977),62
Horror,86.0,89%,The Texas Chainsaw Massacre (1974),63
Horror,87.0,95%,The Old Ways (2021),42
Horror,88.0,79%,Halloween (2018),385
Horror,89.0,93%,The Witches (1990),43
Horror,90.0,93%,Arachnophobia (1990),43
Horror,91.0,90%,Horror of Dracula (1958),41
Horror,92.0,87%,Frankenweenie (2012),222
Horror,93.0,90%,Dr. Jekyll and Mr. Hyde (1931),41
Horror,94.0,88%,Let Me In (2010),237
Horror,95.0,91%,The Dark and the Wicked (2020),107
Horror,96.0,90%,Frenzy (1972),42
Horror,97.0,91%,Kaidan (Kwaidan) (Ghost Stories) (1964),44
Horror,98.0,90%,Misery (1990),71
Horror,99.0,86%,Color Out of Space (2020),208
Horror,100.0,88%,Island of Lost Souls (1933),40
Kids & Family,1.0,98%,The Wizard of Oz (1939),160
Kids & Family,2.0,97%,Toy Story 4 (2019),453
Kids & Family,3.0,97%,Spider-Man: Into the Spider-Verse (2018),393
Kids & Family,4.0,98%,Inside Out (2015),379
Kids & Family,5.0,97%,Coco (2017),354
Kids & Family,6.0,99%,E.T. The Extra-Terrestrial (1982),136
Kids & Family,7.0,98%,Snow White and the Seven Dwarfs (1937),54
Kids & Family,8.0,95%,Soul (2020),344
Kids & Family,9.0,93%,Incredibles 2 (2018),387
Kids & Family,10.0,99%,Paddington 2 (2018),247
Kids & Family,11.0,98%,Up (2009),298
Kids & Family,12.0,98%,Toy Story 3 (2010),309
Kids & Family,13.0,100%,Toy Story 2 (1999),170
Kids & Family,14.0,99%,Finding Nemo (2003),269
Kids & Family,15.0,100%,Pinocchio (1940),56
Kids & Family,16.0,94%,The Jungle Book (2016),327
Kids & Family,17.0,96%,Harry Potter and the Deathly Hallows - Part 2 (2011),332
Kids & Family,18.0,94%,It's a Wonderful Life (1946),90
Kids & Family,19.0,96%,The LEGO Movie (2014),253
Kids & Family,20.0,95%,Moana (2016),283
Kids & Family,21.0,100%,Toy Story (1995),92
Kids & Family,22.0,99%,How to Train Your Dragon (2010),212
Kids & Family,23.0,96%,Ratatouille (2007),251
Kids & Family,24.0,98%,Dumbo (1941),43
Kids & Family,25.0,98%,The Princess Bride (1987),80
Kids & Family,26.0,97%,The Incredibles (2004),249
Kids & Family,27.0,99%,My Life as a Zucchini (Ma vie de courgette) (2017),137
Kids & Family,28.0,96%,Miracle on 34th Street (1947),48
Kids & Family,29.0,90%,The Lego Batman Movie (2017),313
Kids & Family,30.0,97%,Chicken Run (2000),173
Kids & Family,31.0,98%,101 Dalmatians (1961),52
Kids & Family,32.0,94%,Beauty and the Beast (1991),118
Kids & Family,33.0,95%,The Nightmare Before Christmas (1993),100
Kids & Family,34.0,97%,Paddington (2015),164
Kids & Family,35.0,88%,Onward (2020),337
Kids & Family,36.0,96%,"Monsters, Inc. (2001)",199
Kids & Family,37.0,97%,Big (1988),76
Kids & Family,38.0,97%,Spirited Away (2002),195
Kids & Family,39.0,95%,The Muppets (2011),231
Kids & Family,40.0,93%,The Lion King (1994),136
Kids & Family,41.0,99%,Song Of The Sea (2014),97
Kids & Family,42.0,96%,The Iron Giant (1999),142
Kids & Family,43.0,95%,Fantasia (1940),56
Kids & Family,44.0,97%,Who Framed Roger Rabbit (1988),67
Kids & Family,45.0,90%,How to Train Your Dragon: The Hidden World (2019),272
Kids & Family,46.0,97%,Babe (1995),70
Kids & Family,47.0,95%,Wallace & Gromit: The Curse of the Were-Rabbit (2005),184
Kids & Family,48.0,93%,Fantastic Mr. Fox (2009),245
Kids & Family,49.0,95%,Yellow Submarine (1968),60
Kids & Family,50.0,96%,Mary Poppins (1964),55
Kids & Family,51.0,95%,My Fair Lady (1964),62
Kids & Family,52.0,98%,Kiki's Delivery Service (1989),42
Kids & Family,53.0,95%,Aladdin (1992),75
Kids & Family,54.0,93%,Hugo (2011),232
Kids & Family,55.0,90%,Frozen (2013),250
Kids & Family,56.0,88%,Ralph Breaks the Internet (2018),274
Kids & Family,57.0,93%,Enchanted (2007),194
Kids & Family,58.0,95%,The Straight Story (1999),105
Kids & Family,59.0,90%,Coraline (2009),271
Kids & Family,60.0,90%,Big Hero 6 (2014),227
Kids & Family,61.0,95%,The Breadwinner (2017),105
Kids & Family,62.0,93%,The Secret of NIMH (1982),67
Kids & Family,63.0,91%,Bambi (1942),54
Kids & Family,64.0,96%,The Secret of Roan Inish (1995),45
Kids & Family,65.0,93%,The Little Mermaid (1989),71
Kids & Family,66.0,91%,How to Train Your Dragon 2 (2014),188
Kids & Family,67.0,93%,Lady and the Tramp (1955),43
Kids & Family,68.0,90%,The Kid Who Would Be King (2019),191
Kids & Family,69.0,93%,Princess Mononoke (Mononoke-hime) (1999),112
Kids & Family,70.0,94%,My Neighbor Totoro (1988),54
Kids & Family,71.0,90%,Harry Potter and the Prisoner of Azkaban (2004),261
Kids & Family,72.0,88%,Pete's Dragon (2016),245
Kids & Family,73.0,86%,A Monster Calls (2017),267
Kids & Family,74.0,92%,Arthur Christmas (2011),169
Kids & Family,75.0,93%,Spy Kids (2001),129
Kids & Family,76.0,92%,Antz (1998),93
Kids & Family,77.0,94%,L'Heure d'été (Summer Hours) (2009),106
Kids & Family,78.0,88%,Harry Potter and the Goblet of Fire (2005),257
Kids & Family,79.0,92%,A Bug's Life (1998),89
Kids & Family,80.0,91%,Willy Wonka and the Chocolate Factory (1971),54
Kids & Family,81.0,91%,Ponyo (2009),172
Kids & Family,82.0,89%,How Green Was My Valley (1941),47
Kids & Family,83.0,94%,Klaus (2019),70
Kids & Family,84.0,91%,Teen Titans Go! To the Movies (2018),133
Kids & Family,85.0,93%,That Thing You Do! (1996),60
Kids & Family,86.0,89%,Tangled (2010),227
Kids & Family,87.0,89%,Shrek 2 (2004),237
Kids & Family,88.0,89%,ParaNorman (2012),186
Kids & Family,89.0,93%,The Witches (1990),43
Kids & Family,90.0,93%,First Position (2012),76
Kids & Family,91.0,88%,Shrek (2001),210
Kids & Family,92.0,91%,James and the Giant Peach (1996),75
Kids & Family,93.0,88%,Rango (2011),222
Kids & Family,94.0,90%,A Christmas Story (1983),58
Kids & Family,95.0,93%,Lassie (2006),70
Kids & Family,96.0,93%,Duma (2005),61
Kids & Family,97.0,87%,The Peanuts Movie (2015),197
Kids & Family,98.0,87%,Kung Fu Panda (2008),190
Kids & Family,99.0,87%,Wreck-it Ralph (2012),189
Kids & Family,100.0,89%,Sleeping Beauty (1959),46
Musical & Performing Arts,1.0,98%,The Wizard of Oz (1939),160
Musical & Performing Arts,2.0,97%,A Night at the Opera (1935),70
Musical & Performing Arts,3.0,100%,Singin' in the Rain (1952),67
Musical & Performing Arts,4.0,96%,An American in Paris (1951),94
Musical & Performing Arts,5.0,91%,La La Land (2016),467
Musical & Performing Arts,6.0,98%,A Hard Day's Night (1964),112
Musical & Performing Arts,7.0,97%,Sound of Metal (2020),275
Musical & Performing Arts,8.0,100%,Top Hat (1935),42
Musical & Performing Arts,9.0,100%,Pinocchio (1940),56
Musical & Performing Arts,10.0,97%,The Red Shoes (1948),62
Musical & Performing Arts,11.0,99%,The Umbrellas of Cherbourg (Les Parapluies de Cherbourg) (1964),67
Musical & Performing Arts,12.0,99%,Amazing Grace (2019),160
Musical & Performing Arts,13.0,93%,West Side Story (1961),113
Musical & Performing Arts,14.0,97%,Hamilton (2020),199
Musical & Performing Arts,15.0,98%,Gentlemen Prefer Blondes (1953),45
Musical & Performing Arts,16.0,99%,20 Feet From Stardom (2013),128
Musical & Performing Arts,17.0,95%,Amy (2015),225
Musical & Performing Arts,18.0,98%,David Byrne's American Utopia (2020),135
Musical & Performing Arts,19.0,95%,Sing Street (2016),214
Musical & Performing Arts,20.0,94%,Beauty and the Beast (1991),118
Musical & Performing Arts,21.0,96%,The Blue Angel (Der Blaue Engel) (1930),45
Musical & Performing Arts,22.0,95%,Stormy Weather (1943),41
Musical & Performing Arts,23.0,98%,The Last Waltz (1978),50
Musical & Performing Arts,24.0,100%,Stop Making Sense (1984),40
Musical & Performing Arts,25.0,100%,The Decline of Western Civilization (1981),40
Musical & Performing Arts,26.0,93%,The Lion King (1994),136
Musical & Performing Arts,27.0,98%,Anvil! The Story of Anvil (2009),140
Musical & Performing Arts,28.0,98%,The Young Girls of Rochefort (Les Demoiselles de Rochefort) (1968),44
Musical & Performing Arts,29.0,97%,Once (2007),159
Musical & Performing Arts,30.0,98%,A Star Is Born (1954),42
Musical & Performing Arts,31.0,95%,Fantasia (1940),56
Musical & Performing Arts,32.0,100%,Waste Land (2010),71
Musical & Performing Arts,33.0,94%,Some Like It Hot (1959),66
Musical & Performing Arts,34.0,100%,Afghan Star (2009),62
Musical & Performing Arts,35.0,97%,What's Love Got To Do With It? (1993),58
Musical & Performing Arts,36.0,96%,We Are the Best! (2014),138
Musical & Performing Arts,37.0,95%,Yellow Submarine (1968),60
Musical & Performing Arts,38.0,96%,Mary Poppins (1964),55
Musical & Performing Arts,39.0,100%,Sound City (2013),46
Musical & Performing Arts,40.0,93%,Amadeus (1984),100
Musical & Performing Arts,41.0,95%,My Fair Lady (1964),62
Musical & Performing Arts,42.0,100%,Everyday Sunshine: The Story of Fishbone (2011),47
Musical & Performing Arts,43.0,99%,Bill Cunningham New York (2011),74
Musical & Performing Arts,44.0,98%,Hairspray (1988),42
Musical & Performing Arts,45.0,95%,Aladdin (1992),75
Musical & Performing Arts,46.0,99%,Rivers and Tides: Andy Goldsworthy Working With Time (2002),71
Musical & Performing Arts,47.0,97%,Muscle Shoals (2013),87
Musical & Performing Arts,48.0,95%,Searching for Sugar Man (2012),133
Musical & Performing Arts,49.0,98%,Homecoming: A Film by Beyoncé (2019),56
Musical & Performing Arts,50.0,98%,Beware Of Mr. Baker (2012),53
Musical & Performing Arts,51.0,96%,Exit Through The Gift Shop (2010),115
Musical & Performing Arts,52.0,98%,Keep On Keepin' On (2014),43
Musical & Performing Arts,53.0,95%,Marley (2012),114
Musical & Performing Arts,54.0,94%,Johnny Guitar (1954),48
Musical & Performing Arts,55.0,98%,"Du Levande (You, The Living) (2007)",42
Musical & Performing Arts,56.0,96%,The Full Monty (1997),50
Musical & Performing Arts,57.0,97%,49 Up (2006),65
Musical & Performing Arts,58.0,91%,Hairspray (2007),221
Musical & Performing Arts,59.0,89%,Straight Outta Compton (2015),247
Musical & Performing Arts,60.0,93%,The Little Mermaid (1989),71
Musical & Performing Arts,61.0,91%,Nashville (1975),70
Musical & Performing Arts,62.0,93%,Cabaret (1972),44
Musical & Performing Arts,63.0,96%,Les Plages d'Agnès (The Beaches of Agnes) (2008),72
Musical & Performing Arts,64.0,95%,"20,000 Days on Earth (2014)",88
Musical & Performing Arts,65.0,94%,Wordplay (2006),123
Musical & Performing Arts,66.0,95%,Pina (2011),106
Musical & Performing Arts,67.0,96%,Festival Express (2003),80
Musical & Performing Arts,68.0,95%,Born Into Brothels (2004),108
Musical & Performing Arts,69.0,93%,Funny Girl (1968),45
Musical & Performing Arts,70.0,89%,Love & Mercy (2015),219
Musical & Performing Arts,71.0,95%,Crumb (1995),42
Musical & Performing Arts,72.0,95%,The Wrecking Crew (2015),74
Musical & Performing Arts,73.0,96%,Marina Abramovic: The Artist Is Present (2012),47
Musical & Performing Arts,74.0,88%,Florence Foster Jenkins (2016),233
Musical & Performing Arts,75.0,90%,Crazy Heart (2009),212
Musical & Performing Arts,76.0,82%,Judy (2019),339
Musical & Performing Arts,77.0,96%,Los Angeles Plays Itself (2003),45
Musical & Performing Arts,78.0,94%,Lost in La Mancha (2003),101
Musical & Performing Arts,79.0,91%,Willy Wonka and the Chocolate Factory (1971),54
Musical & Performing Arts,80.0,95%,Lagaan: Once Upon a Time in India (2001),61
Musical & Performing Arts,81.0,94%,My Kid Could Paint That (2007),83
Musical & Performing Arts,82.0,95%,End of the Century: The Story of the Ramones (2004),62
Musical & Performing Arts,83.0,94%,Black Is King (2020),65
Musical & Performing Arts,84.0,92%,Dave Chappelle's Block Party (2006),128
Musical & Performing Arts,85.0,91%,The Sapphires (2013),138
Musical & Performing Arts,86.0,89%,Tangled (2010),227
Musical & Performing Arts,87.0,95%,Sing Your Song (2012),40
Musical & Performing Arts,88.0,95%,The Filth and the Fury (2000),40
Musical & Performing Arts,89.0,92%,Hedwig and the Angry Inch (2001),117
Musical & Performing Arts,90.0,94%,A Band Called Death (2013),53
Musical & Performing Arts,91.0,93%,My Architect (2004),91
Musical & Performing Arts,92.0,88%,"tick, tick...Boom! (2021)",200
Musical & Performing Arts,93.0,87%,Black Orpheus (Orfeu Negro) (1959),70
Musical & Performing Arts,94.0,94%,Scratch (2002),47
Musical & Performing Arts,95.0,92%,Every Little Step (2009),96
Musical & Performing Arts,96.0,92%,U2 3D (2007),88
Musical & Performing Arts,97.0,88%,Five Easy Pieces (1970),51
Musical & Performing Arts,98.0,90%,Little Shop of Horrors (1986),50
Musical & Performing Arts,99.0,88%,Sid and Nancy (1986),69
Musical & Performing Arts,100.0,86%,Sweeney Todd: The Demon Barber of Fleet Street (2007),232
Mystery & Suspense,1.0,99%,Citizen Kane (1941),121
Mystery & Suspense,2.0,97%,Knives Out (2019),468
Mystery & Suspense,3.0,93%,Us (2019),553
Mystery & Suspense,4.0,97%,Mission: Impossible - Fallout (2018),437
Mystery & Suspense,5.0,98%,Get Out (2017),398
Mystery & Suspense,6.0,95%,The Irishman (2019),456
Mystery & Suspense,7.0,99%,The Cabinet of Dr. Caligari (Das Cabinet des Dr. Caligari) (1920),68
Mystery & Suspense,8.0,96%,A Quiet Place (2018),387
Mystery & Suspense,9.0,100%,Rebecca (1940),95
Mystery & Suspense,10.0,97%,Spotlight (2015),376
Mystery & Suspense,11.0,99%,The Third Man (1949),86
Mystery & Suspense,12.0,98%,Rear Window (1954),122
Mystery & Suspense,13.0,94%,Arrival (2016),435
Mystery & Suspense,14.0,100%,The Maltese Falcon (1941),64
Mystery & Suspense,15.0,92%,The Invisible Man (2020),412
Mystery & Suspense,16.0,96%,Argo (2012),360
Mystery & Suspense,17.0,97%,North by Northwest (1959),109
Mystery & Suspense,18.0,100%,Laura (1944),65
Mystery & Suspense,19.0,98%,Alien (1979),127
Mystery & Suspense,20.0,100%,Shadow of a Doubt (1943),49
Mystery & Suspense,21.0,96%,Psycho (1960),105
Mystery & Suspense,22.0,99%,L.A. Confidential (1997),161
Mystery & Suspense,23.0,96%,"The Godfather, Part II (1974)",114
Mystery & Suspense,24.0,100%,M (1931),60
Mystery & Suspense,25.0,97%,Hell or High Water (2016),286
Mystery & Suspense,26.0,98%,Jaws (1975),95
Mystery & Suspense,27.0,90%,Promising Young Woman (2020),406
Mystery & Suspense,28.0,98%,The Babadook (2014),242
Mystery & Suspense,29.0,99%,Chinatown (1974),76
Mystery & Suspense,30.0,98%,The Lady Vanishes (1938),45
Mystery & Suspense,31.0,92%,Skyfall (2012),384
Mystery & Suspense,32.0,96%,The 39 Steps (1935),53
Mystery & Suspense,33.0,96%,Harry Potter and the Deathly Hallows - Part 2 (2011),332
Mystery & Suspense,34.0,98%,The Thin Man (1934),43
Mystery & Suspense,35.0,95%,Touch of Evil (1958),79
Mystery & Suspense,36.0,98%,Rashômon (1951),56
Mystery & Suspense,37.0,96%,Taxi Driver (1976),94
Mystery & Suspense,38.0,94%,Vertigo (1958),84
Mystery & Suspense,39.0,95%,Nightcrawler (2014),275
Mystery & Suspense,40.0,100%,The Wages of Fear (1953),45
Mystery & Suspense,41.0,98%,Strangers on a Train (1951),52
Mystery & Suspense,42.0,88%,The Post (2018),409
Mystery & Suspense,43.0,97%,The Big Sleep (1946),65
Mystery & Suspense,44.0,99%,Goldfinger (1964),69
Mystery & Suspense,45.0,100%,Anatomy of a Murder (1959),50
Mystery & Suspense,46.0,98%,Invasion of the Body Snatchers (1956),58
Mystery & Suspense,47.0,95%,High Noon (1952),60
Mystery & Suspense,48.0,95%,Freaks (1932),55
Mystery & Suspense,49.0,100%,His House (2020),119
Mystery & Suspense,50.0,95%,The Night of the Hunter (1955),77
Mystery & Suspense,51.0,100%,The Taking of Pelham One Two Three (1974),43
Mystery & Suspense,52.0,95%,In the Heat of the Night (1967),83
Mystery & Suspense,53.0,98%,In a Lonely Place (1950),47
Mystery & Suspense,54.0,96%,Halloween (1978),78
Mystery & Suspense,55.0,96%,The Silence of the Lambs (1991),105
Mystery & Suspense,56.0,96%,The Salesman (Forushande) (2017),196
Mystery & Suspense,57.0,96%,Rosemary's Baby (1968),74
Mystery & Suspense,58.0,98%,Sunrise: A Song of Two Humans (1927),62
Mystery & Suspense,59.0,97%,The Conversation (1974),62
Mystery & Suspense,60.0,98%,Detour (1945),41
Mystery & Suspense,61.0,89%,The Trial of the Chicago 7 (2020),331
Mystery & Suspense,62.0,95%,Eye In The Sky (2016),221
Mystery & Suspense,63.0,94%,All Is Lost (2013),240
Mystery & Suspense,64.0,98%,Eyes Without a Face (1962),55
Mystery & Suspense,65.0,93%,Looper (2012),270
Mystery & Suspense,66.0,94%,Casino Royale (2006),264
Mystery & Suspense,67.0,94%,Possessor: Uncut (2020),219
Mystery & Suspense,68.0,97%,Badlands (1974),59
Mystery & Suspense,69.0,95%,Repulsion (1965),65
Mystery & Suspense,70.0,95%,Le Cercle Rouge (1970),65
Mystery & Suspense,71.0,98%,101 Dalmatians (1961),52
Mystery & Suspense,72.0,92%,The Cabin in the Woods (2012),289
Mystery & Suspense,73.0,100%,Stalker (1979),41
Mystery & Suspense,74.0,93%,No Country for Old Men (2007),288
Mystery & Suspense,75.0,95%,Burning (Beoning) (2018),196
Mystery & Suspense,76.0,97%,The Manchurian Candidate (1962),60
Mystery & Suspense,77.0,92%,Ex Machina (2015),283
Mystery & Suspense,78.0,98%,Kiss Me Deadly (1955),43
Mystery & Suspense,79.0,92%,Sicario (2015),280
Mystery & Suspense,80.0,98%,Blow the Man Down (2020),123
Mystery & Suspense,81.0,92%,Searching (2018),256
Mystery & Suspense,82.0,97%,From Russia With Love (1964),61
Mystery & Suspense,83.0,95%,Don't Look Now (1973),76
Mystery & Suspense,84.0,92%,Jurassic Park (1993),130
Mystery & Suspense,85.0,86%,It (2017),387
Mystery & Suspense,86.0,98%,The Guilty (Den skyldige) (2018),120
Mystery & Suspense,87.0,90%,10 Cloverfield Lane (2016),316
Mystery & Suspense,88.0,92%,The Vast of Night (2020),245
Mystery & Suspense,89.0,96%,Peeping Tom (1960),53
Mystery & Suspense,90.0,94%,Blood Simple (1984),104
Mystery & Suspense,91.0,90%,Bridge of Spies (2015),313
Mystery & Suspense,92.0,96%,The Fugitive (1993),80
Mystery & Suspense,93.0,96%,Notorious (1946),48
Mystery & Suspense,94.0,87%,Gone Girl (2014),365
Mystery & Suspense,95.0,98%,Bullitt (1968),43
Mystery & Suspense,96.0,97%,Border (Gräns) (2018),130
Mystery & Suspense,97.0,96%,Diabolique (Les Diaboliques) (1955),50
Mystery & Suspense,98.0,97%,Who Framed Roger Rabbit (1988),67
Mystery & Suspense,99.0,96%,Wake in Fright (1971),57
Mystery & Suspense,100.0,93%,Drive (2011),271
Romance,1.0,99%,It Happened One Night (1934),98
Romance,2.0,99%,Casablanca (1942),124
Romance,3.0,100%,The Philadelphia Story (1940),102
Romance,4.0,97%,A Night at the Opera (1935),70
Romance,5.0,92%,The Shape of Water (2017),460
Romance,6.0,100%,Singin' in the Rain (1952),67
Romance,7.0,98%,The Big Sick (2017),305
Romance,8.0,99%,On the Waterfront (1954),107
Romance,9.0,96%,An American in Paris (1951),94
Romance,10.0,98%,The Best Years of Our Lives (1946),91
Romance,11.0,100%,The Adventures of Robin Hood (1938),48
Romance,12.0,94%,Call Me by Your Name (2018),363
Romance,13.0,100%,Top Hat (1935),42
Romance,14.0,99%,Marty (1955),70
Romance,15.0,100%,The Lady Eve (1941),48
Romance,16.0,94%,Vertigo (1958),84
Romance,17.0,94%,Carol (2015),314
Romance,18.0,97%,The Red Shoes (1948),62
Romance,19.0,98%,Before Midnight (2013),206
Romance,20.0,97%,The Lost Weekend (1945),62
Romance,21.0,95%,The Artist (2011),322
Romance,22.0,99%,The Umbrellas of Cherbourg (Les Parapluies de Cherbourg) (1964),67
Romance,23.0,93%,West Side Story (1961),113
Romance,24.0,94%,Her (2013),283
Romance,25.0,99%,Ash Is Purest White (2019),154
Romance,26.0,97%,Roman Holiday (1953),60
Romance,27.0,96%,Beauty and The Beast (La Belle et la bête) (1946),67
Romance,28.0,94%,Bringing Up Baby (1938),51
Romance,29.0,98%,The Princess Bride (1987),80
Romance,30.0,96%,Annie Hall (1977),84
Romance,31.0,98%,In a Lonely Place (1950),47
Romance,32.0,100%,Only Yesterday (1991),58
Romance,33.0,98%,Gentlemen Prefer Blondes (1953),45
Romance,34.0,97%,Sideways (2004),233
Romance,35.0,97%,Groundhog Day (1993),86
Romance,36.0,98%,Sunrise: A Song of Two Humans (1927),62
Romance,37.0,95%,Mrs. Miniver (1942),60
Romance,38.0,96%,City Lights (1931),55
Romance,39.0,96%,Miracle on 34th Street (1947),48
Romance,40.0,90%,Gone With the Wind (1939),102
Romance,41.0,100%,Three Colors: Red (Trois couleurs: Rouge) (1994),54
Romance,42.0,94%,Beauty and the Beast (1991),118
Romance,43.0,98%,Children of Paradise (Les Enfants du Paradis) (1946),40
Romance,44.0,98%,God's Own Country (2017),130
Romance,45.0,99%,Saint Frances (2020),102
Romance,46.0,96%,The African Queen (1951),46
Romance,47.0,100%,Henry V (1989),40
Romance,48.0,98%,Hiroshima Mon Amour (1960),40
Romance,49.0,92%,Cold War (Zimna wojna) (2018),252
Romance,50.0,93%,You Can't Take It With You (1938),46
Romance,51.0,100%,Before Sunrise (1995),46
Romance,52.0,91%,Slumdog Millionaire (2008),289
Romance,53.0,98%,Your Name. (Kimi No Na Wa.) (2017),116
Romance,54.0,95%,Enough Said (2013),191
Romance,55.0,96%,Atlantics (2019),157
Romance,56.0,98%,The Young Girls of Rochefort (Les Demoiselles de Rochefort) (1968),44
Romance,57.0,97%,"Crouching Tiger, Hidden Dragon (2001)",159
Romance,58.0,97%,Bull Durham (1988),71
Romance,59.0,98%,Wings of Desire (1987),56
Romance,60.0,93%,The Apartment (1960),72
Romance,61.0,97%,Border (Gräns) (2018),130
Romance,62.0,95%,Lost In Translation (2003),232
Romance,63.0,89%,Titanic (1997),193
Romance,64.0,96%,Masculin Feminin (1966),45
Romance,65.0,97%,The Lunchbox (2014),118
Romance,66.0,98%,Say Anything... (1989),47
Romance,67.0,93%,Elevator to the Gallows (Ascenseur pour l'échafaud) (1958),58
Romance,68.0,98%,Three Colors: Blue (Trois Couleurs: Bleu) (1993),46
Romance,69.0,96%,A Girl Walks Home Alone at Night (2014),135
Romance,70.0,97%,The Half of It (2020),102
Romance,71.0,97%,Sense and Sensibility (1995),64
Romance,72.0,98%,My Beautiful Laundrette (1985),42
Romance,73.0,96%,The Hustler (1961),47
Romance,74.0,96%,Four Weddings and a Funeral (1994),70
Romance,75.0,94%,To Catch a Thief (1955),52
Romance,76.0,92%,Shakespeare in Love (1998),141
Romance,77.0,93%,Midnight in Paris (2011),224
Romance,78.0,95%,Foreign Correspondent (1940),42
Romance,79.0,94%,Manhattan (1979),69
Romance,80.0,90%,Up in the Air (2009),288
Romance,81.0,94%,Daughters of the Dust (1991),77
Romance,82.0,93%,Enchanted (2007),194
Romance,83.0,91%,Gloria Bell (2019),206
Romance,84.0,90%,Gilda (1946),70
Romance,85.0,95%,Dave (1993),60
Romance,86.0,92%,Eternal Sunshine of the Spotless Mind (2004),250
Romance,87.0,92%,The Town (2010),235
Romance,88.0,98%,A Summer's Tale (2014),47
Romance,89.0,94%,Moonstruck (1987),65
Romance,90.0,94%,Before Sunset (2004),177
Romance,91.0,96%,Big Night (1996),57
Romance,92.0,94%,Howards End (1992),67
Romance,93.0,94%,The Crying Game (1992),66
Romance,94.0,90%,From Here to Eternity (1953),63
Romance,95.0,93%,The Little Mermaid (1989),71
Romance,96.0,91%,The Quiet Man (1952),45
Romance,97.0,93%,About a Boy (2002),187
Romance,98.0,95%,Monsoon Wedding (2002),126
Romance,99.0,96%,To All the Boys I've Loved Before (2018),70
Romance,100.0,96%,Revanche (2009),83
Science Fiction & Fantasy,1.0,98%,The Wizard of Oz (1939),160
Science Fiction & Fantasy,2.0,96%,Black Panther (2018),525
Science Fiction & Fantasy,3.0,94%,Avengers: Endgame (2019),547
Science Fiction & Fantasy,4.0,97%,Toy Story 4 (2019),453
Science Fiction & Fantasy,5.0,97%,Mad Max: Fury Road (2015),434
Science Fiction & Fantasy,6.0,97%,Spider-Man: Into the Spider-Verse (2018),393
Science Fiction & Fantasy,7.0,93%,Wonder Woman (2017),472
Science Fiction & Fantasy,8.0,94%,Logan (2017),424
Science Fiction & Fantasy,9.0,91%,Star Wars: The Last Jedi (2017),483
Science Fiction & Fantasy,10.0,92%,The Shape of Water (2017),460
Science Fiction & Fantasy,11.0,93%,Thor: Ragnarok (2017),437
Science Fiction & Fantasy,12.0,99%,E.T. The Extra-Terrestrial (1982),136
Science Fiction & Fantasy,13.0,94%,Arrival (2016),435
Science Fiction & Fantasy,14.0,98%,Snow White and the Seven Dwarfs (1937),54
Science Fiction & Fantasy,15.0,93%,Star Wars: Episode VII - The Force Awakens (2015),446
Science Fiction & Fantasy,16.0,97%,Metropolis (1927),135
Science Fiction & Fantasy,17.0,96%,Gravity (2013),357
Science Fiction & Fantasy,18.0,92%,The Invisible Man (2020),412
Science Fiction & Fantasy,19.0,97%,"Nosferatu, a Symphony of Horror (Nosferatu, eine Symphonie des Grauens) (Nosferatu the Vampire) (1922)",69
Science Fiction & Fantasy,20.0,90%,Spider-Man: Far From Home (2019),453
Science Fiction & Fantasy,21.0,98%,Alien (1979),127
Science Fiction & Fantasy,22.0,94%,War for the Planet of the Apes (2017),361
Science Fiction & Fantasy,23.0,92%,Spider-Man: Homecoming (2017),395
Science Fiction & Fantasy,24.0,90%,Shazam! (2019),413
Science Fiction & Fantasy,25.0,94%,The Dark Knight (2008),345
Science Fiction & Fantasy,26.0,98%,The Bride of Frankenstein (1935),47
Science Fiction & Fantasy,27.0,98%,Dr. Strangelove Or How I Learned to Stop Worrying and Love the Bomb (1964),93
Science Fiction & Fantasy,28.0,90%,Captain America: Civil War (2016),427
Science Fiction & Fantasy,29.0,88%,Blade Runner 2049 (2017),443
Science Fiction & Fantasy,30.0,100%,Pinocchio (1940),56
Science Fiction & Fantasy,31.0,100%,Frankenstein (1931),52
Science Fiction & Fantasy,32.0,96%,Harry Potter and the Deathly Hallows - Part 2 (2011),332
Science Fiction & Fantasy,33.0,90%,The Lighthouse (2019),382
Science Fiction & Fantasy,34.0,94%,It's a Wonderful Life (1946),90
Science Fiction & Fantasy,35.0,93%,Sorry to Bother You (2018),311
Science Fiction & Fantasy,36.0,85%,Avengers: Infinity War (2018),485
Science Fiction & Fantasy,37.0,91%,The Martian (2015),384
Science Fiction & Fantasy,38.0,94%,Star Trek (2009),355
Science Fiction & Fantasy,39.0,87%,Ant-Man and the Wasp (2018),439
Science Fiction & Fantasy,40.0,92%,Guardians of the Galaxy (2014),334
Science Fiction & Fantasy,41.0,97%,Kubo and the Two Strings (2016),226
Science Fiction & Fantasy,42.0,92%,Star Wars: Episode IV - A New Hope (1977),132
Science Fiction & Fantasy,43.0,99%,How to Train Your Dragon (2010),212
Science Fiction & Fantasy,44.0,98%,Invasion of the Body Snatchers (1956),58
Science Fiction & Fantasy,45.0,94%,Her (2013),283
Science Fiction & Fantasy,46.0,91%,Marvel's The Avengers (2012),362
Science Fiction & Fantasy,47.0,95%,WALL-E (2008),260
Science Fiction & Fantasy,48.0,94%,Iron Man (2008),281
Science Fiction & Fantasy,49.0,96%,Beauty and The Beast (La Belle et la bête) (1946),67
Science Fiction & Fantasy,50.0,100%,The Terminator (1984),65
Science Fiction & Fantasy,51.0,98%,Dumbo (1941),43
Science Fiction & Fantasy,52.0,94%,Snowpiercer (2014),260
Science Fiction & Fantasy,53.0,91%,Live Die Repeat: Edge of Tomorrow (2014),328
Science Fiction & Fantasy,54.0,92%,2001: A Space Odyssey (1968),114
Science Fiction & Fantasy,55.0,98%,The Discreet Charm Of The Bourgeoisie (Le Charme Discret de la Bourgeoisie) (1972),53
Science Fiction & Fantasy,56.0,89%,Doctor Strange (2016),385
Science Fiction & Fantasy,57.0,94%,Raya and the Last Dragon (2021),283
Science Fiction & Fantasy,58.0,98%,The Princess Bride (1987),80
Science Fiction & Fantasy,59.0,97%,Aliens (1986),78
Science Fiction & Fantasy,60.0,98%,8 1/2 (1963),54
Science Fiction & Fantasy,61.0,94%,Star Wars: Episode V - The Empire Strikes Back (1980),105
Science Fiction & Fantasy,62.0,97%,Groundhog Day (1993),86
Science Fiction & Fantasy,63.0,90%,X-Men: Days of Future Past (2014),331
Science Fiction & Fantasy,64.0,95%,The Day the Earth Stood Still (1951),57
Science Fiction & Fantasy,65.0,96%,Miracle on 34th Street (1947),48
Science Fiction & Fantasy,66.0,95%,Pan's Labyrinth (2006),239
Science Fiction & Fantasy,67.0,93%,Looper (2012),270
Science Fiction & Fantasy,68.0,94%,Possessor: Uncut (2020),219
Science Fiction & Fantasy,69.0,85%,Guardians of the Galaxy Vol. 2 (2017),423
Science Fiction & Fantasy,70.0,100%,Stalker (1979),41
Science Fiction & Fantasy,71.0,94%,Beauty and the Beast (1991),118
Science Fiction & Fantasy,72.0,95%,The Nightmare Before Christmas (1993),100
Science Fiction & Fantasy,73.0,92%,Ex Machina (2015),283
Science Fiction & Fantasy,74.0,90%,Dawn Of The Planet Of The Apes (2014),315
Science Fiction & Fantasy,75.0,79%,Captain Marvel (2019),543
Science Fiction & Fantasy,76.0,94%,The Invisible Man (1933),51
Science Fiction & Fantasy,77.0,88%,Onward (2020),337
Science Fiction & Fantasy,78.0,96%,"Monsters, Inc. (2001)",199
Science Fiction & Fantasy,79.0,92%,Jurassic Park (1993),130
Science Fiction & Fantasy,80.0,97%,Big (1988),76
Science Fiction & Fantasy,81.0,90%,Captain America: The Winter Soldier (2014),308
Science Fiction & Fantasy,82.0,95%,The Lord of the Rings: The Two Towers (2002),255
Science Fiction & Fantasy,83.0,97%,Ghostbusters (1984 Original) (1984),73
Science Fiction & Fantasy,84.0,97%,Spirited Away (2002),195
Science Fiction & Fantasy,85.0,90%,10 Cloverfield Lane (2016),316
Science Fiction & Fantasy,86.0,92%,The Vast of Night (2020),245
Science Fiction & Fantasy,87.0,94%,The Seventh Seal (Det Sjunde inseglet) (1957),63
Science Fiction & Fantasy,88.0,98%,Jodorowsky's Dune (2014),121
Science Fiction & Fantasy,89.0,99%,Song Of The Sea (2014),97
Science Fiction & Fantasy,90.0,96%,The Iron Giant (1999),142
Science Fiction & Fantasy,91.0,96%,Back to the Future (1985),83
Science Fiction & Fantasy,92.0,98%,Wings of Desire (1987),56
Science Fiction & Fantasy,93.0,95%,Fantasia (1940),56
Science Fiction & Fantasy,94.0,88%,Annihilation (2018),327
Science Fiction & Fantasy,95.0,97%,Border (Gräns) (2018),130
Science Fiction & Fantasy,96.0,96%,Forbidden Planet (1956),47
Science Fiction & Fantasy,97.0,90%,The Hunger Games: Catching Fire (2013),293
Science Fiction & Fantasy,98.0,94%,Young Frankenstein (1974),69
Science Fiction & Fantasy,99.0,93%,The Lord of the Rings: The Return of the King (2003),275
Science Fiction & Fantasy,100.0,98%,Brazil (1985),49
Special Interest,1.0,98%,The Bride of Frankenstein (1935),47
Special Interest,2.0,100%,Frankenstein (1931),52
Special Interest,3.0,98%,Life Itself (2014),203
Special Interest,4.0,100%,Man on Wire (2008),159
Special Interest,5.0,94%,Her (2013),283
Special Interest,6.0,98%,The Discreet Charm Of The Bourgeoisie (Le Charme Discret de la Bourgeoisie) (1972),53
Special Interest,7.0,97%,Groundhog Day (1993),86
Special Interest,8.0,95%,Amy (2015),225
Special Interest,9.0,96%,Miracle on 34th Street (1947),48
Special Interest,10.0,98%,Blackfish (2013),131
Special Interest,11.0,100%,Taxi to the Dark Side (2007),93
Special Interest,12.0,100%,The Decline of Western Civilization (1981),40
Special Interest,13.0,98%,Murderball (2005),141
Special Interest,14.0,98%,Jodorowsky's Dune (2014),121
Special Interest,15.0,98%,Inside Job (2010),148
Special Interest,16.0,100%,The Square (Al Midan) (2013),69
Special Interest,17.0,99%,Jiro Dreams of Sushi (2012),95
Special Interest,18.0,98%,Paris Is Burning (1991),57
Special Interest,19.0,96%,Waltz with Bashir (2008),153
Special Interest,20.0,98%,Hoop Dreams (1994),60
Special Interest,21.0,99%,The Interrupters (2011),93
Special Interest,22.0,100%,Afghan Star (2009),62
Special Interest,23.0,97%,Capturing the Friedmans (2003),154
Special Interest,24.0,100%,"Mr. Death: The Rise and Fall of Fred A. Leuchter, Jr. (1999)",42
Special Interest,25.0,99%,The Invisible War (2012),72
Special Interest,26.0,99%,56 Up (2013),69
Special Interest,27.0,99%,Elaine Stritch: Shoot Me (2014),67
Special Interest,28.0,95%,The Act Of Killing (2013),160
Special Interest,29.0,100%,Last Train Home (2010),55
Special Interest,30.0,97%,Spellbound (2002),139
Special Interest,31.0,97%,Enron: The Smartest Guys in the Room (2005),119
Special Interest,32.0,100%,Sholem Aleichem: Laughing in the Darkness (2011),43
Special Interest,33.0,98%,Ai Weiwei: Never Sorry (2012),83
Special Interest,34.0,98%,How to Survive a Plague (2012),80
Special Interest,35.0,97%,This Is Not a Film (2012),102
Special Interest,36.0,96%,Cave of Forgotten Dreams (2011),137
Special Interest,37.0,97%,The King of Kong: A Fistful of Quarters (2007),102
Special Interest,38.0,96%,The Fog of War: Eleven Lessons from the Life of Robert S. McNamara (2003),142
Special Interest,39.0,95%,Bowling for Columbine (2002),173
Special Interest,40.0,97%,Muscle Shoals (2013),87
Special Interest,41.0,93%,Love Is Strange (2014),176
Special Interest,42.0,98%,The War Tapes (2006),65
Special Interest,43.0,90%,Gilda (1946),70
Special Interest,44.0,96%,Undefeated (2012),102
Special Interest,45.0,98%,A Film Unfinished (2010),65
Special Interest,46.0,94%,Last Year at Marienbad (L'année dernière à Marienbad) (1961),53
Special Interest,47.0,97%,The Overnighters (2014),73
Special Interest,48.0,92%,Holy Motors (2012),196
Special Interest,49.0,98%,Call Me Kuchu (2013),51
Special Interest,50.0,98%,Mea Maxima Culpa: Silence In The House Of God (2012),50
Special Interest,51.0,96%,Restrepo (2010),118
Special Interest,52.0,95%,The Queen of Versailles (2012),120
Special Interest,53.0,98%,Let The Fire Burn (2013),46
Special Interest,54.0,96%,Exit Through The Gift Shop (2010),115
Special Interest,55.0,98%,For the Bible Tells Me So (2007),51
Special Interest,56.0,98%,Blindsight (2006),50
Special Interest,57.0,95%,The Imposter (2012),117
Special Interest,58.0,95%,Marley (2012),114
Special Interest,59.0,98%,Surfwise (2007),46
Special Interest,60.0,96%,No End in Sight (2007),98
Special Interest,61.0,97%,The Life and Times of Hank Greenberg (2000),65
Special Interest,62.0,97%,Burma VJ: Reporter i et Lukket Land (Burma VJ: Reporting from a Closed Country) (2008),62
Special Interest,63.0,93%,Pandora's Box (1929),41
Special Interest,64.0,97%,49 Up (2006),65
Special Interest,65.0,95%,Finding Vivian Maier (2014),102
Special Interest,66.0,93%,An Inconvenient Truth (2006),166
Special Interest,67.0,95%,Winged Migration (2003),132
Special Interest,68.0,91%,Sicko (2007),219
Special Interest,69.0,97%,Sweetgrass (2009),64
Special Interest,70.0,96%,"Bigger, Stronger, Faster* (2008)",76
Special Interest,71.0,96%,Trouble the Water (2008),76
Special Interest,72.0,95%,"Food, Inc. (2009)",114
Special Interest,73.0,92%,Shaun of the Dead (2004),215
Special Interest,74.0,96%,Chasing Ice (2012),72
Special Interest,75.0,97%,To Be and to Have (Etre et Avoir) (2003),59
Special Interest,76.0,95%,The Salt of the Earth (2015),94
Special Interest,77.0,95%,The Wild Parrots of Telegraph Hill (2005),101
Special Interest,78.0,94%,The Gatekeepers (2013),113
Special Interest,79.0,95%,"20,000 Days on Earth (2014)",88
Special Interest,80.0,94%,Wordplay (2006),123
Special Interest,81.0,95%,Control Room (2004),111
Special Interest,82.0,96%,Bus 174 (Ônibus 174) (2003),79
Special Interest,83.0,94%,Touching the Void (2004),140
Special Interest,84.0,95%,Born Into Brothels (2004),108
Special Interest,85.0,95%,My Winnipeg (2007),92
Special Interest,86.0,96%,Manakamana (2014),54
Special Interest,87.0,96%,I Am Divine (2013),54
Special Interest,88.0,95%,Cutie And The Boxer (2013),75
Special Interest,89.0,96%,Brooklyn Castle (2012),53
Special Interest,90.0,96%,Deep Water (2006),55
Special Interest,91.0,95%,Crumb (1995),42
Special Interest,92.0,96%,The Last of the Unjust (2014),48
Special Interest,93.0,95%,Good Hair (2009),84
Special Interest,94.0,96%,The Devil Came on Horseback (2007),54
Special Interest,95.0,96%,Up the Yangtze (2007),53
Special Interest,96.0,96%,5 Broken Cameras (2012),48
Special Interest,97.0,95%,National Gallery (2014),66
Special Interest,98.0,96%,Plagues & Pleasures on the Salton Sea (2004),53
Special Interest,99.0,95%,Last Days in Vietnam (2014),62
Special Interest,100.0,92%,Super Size Me (2004),171
Sports & Fitness,1.0,98%,Murderball (2005),141
Sports & Fitness,2.0,100%,Athlete A (2020),57
Sports & Fitness,3.0,98%,Hoop Dreams (1994),60
Sports & Fitness,4.0,98%,When We Were Kings (1996),49
Sports & Fitness,5.0,97%,The King of Kong: A Fistful of Quarters (2007),102
Sports & Fitness,6.0,96%,Undefeated (2012),102
Sports & Fitness,7.0,91%,The Fighter (2010),254
Sports & Fitness,8.0,98%,Surfwise (2007),46
Sports & Fitness,9.0,97%,The Life and Times of Hank Greenberg (2000),65
Sports & Fitness,10.0,91%,Rocky (1976),69
Sports & Fitness,11.0,94%,Touching the Void (2004),140
Sports & Fitness,12.0,84%,Battle of the Sexes (2017),318
Sports & Fitness,13.0,96%,The Crash Reel (2013),46
Sports & Fitness,14.0,92%,Sugar (2008),138
Sports & Fitness,15.0,93%,Senna (2011),122
Sports & Fitness,16.0,92%,The Damned United (2009),139
Sports & Fitness,17.0,83%,Creed II (2018),309
Sports & Fitness,18.0,95%,Boxing Gym (2010),42
Sports & Fitness,19.0,92%,Red Army (2015),101
Sports & Fitness,20.0,93%,Riding Giants (2004),96
Sports & Fitness,21.0,92%,Dogtown and Z-Boys (2001),98
Sports & Fitness,22.0,91%,Hoosiers (1986),46
Sports & Fitness,23.0,89%,Heaven Can Wait (1978),46
Sports & Fitness,24.0,92%,Up for Grabs (2005),48
Sports & Fitness,25.0,89%,The Color of Money (1986),47
Sports & Fitness,26.0,88%,Girlfight (2000),129
Sports & Fitness,27.0,88%,Tristram Shandy: A Cock & Bull Story (2005),129
Sports & Fitness,28.0,87%,Field of Dreams (1989),63
Sports & Fitness,29.0,87%,The Heart of the Game (2005),100
Sports & Fitness,30.0,85%,Tyson (2009),147
Sports & Fitness,31.0,83%,The Hurricane (1999),114
Sports & Fitness,32.0,82%,Chariots of Fire (1981),74
Sports & Fitness,33.0,85%,Looking for Eric (2010),100
Sports & Fitness,34.0,82%,The Armstrong Lie (2013),122
Sports & Fitness,35.0,84%,You Cannot Kill David Arquette (2020),56
Sports & Fitness,36.0,83%,Major League (1989),40
Sports & Fitness,37.0,85%,Go Tigers! (2001),40
Sports & Fitness,38.0,80%,A League of Their Own (1992),74
Sports & Fitness,39.0,81%,Goon (2012),106
Sports & Fitness,40.0,82%,Beyond the Mat (1999),67
Sports & Fitness,41.0,76%,Invictus (2009),246
Sports & Fitness,42.0,80%,The Boxer (1997),71
Sports & Fitness,43.0,83%,Vision: From the Life of Hildegard von Bingen (2010),40
Sports & Fitness,44.0,81%,Step Into Liquid (2003),80
Sports & Fitness,45.0,81%,Once in a Lifetime: The Extraordinary Story of the New York Cosmos (2006),59
Sports & Fitness,46.0,80%,Fed Up (2014),70
Sports & Fitness,47.0,81%,Stoked: The Rise and Fall of Gator (2003),47
Sports & Fitness,48.0,71%,Talladega Nights: The Ballad of Ricky Bobby (2006),187
Sports & Fitness,49.0,72%,Invincible (2006),136
Sports & Fitness,50.0,74%,Ultimate X: The Movie (2002),47
Sports & Fitness,51.0,72%,Gunnin' for That #1 Spot (2008),43
Sports & Fitness,52.0,66%,The Blind Side (2009),206
Sports & Fitness,53.0,71%,More Than a Game (2009),51
Sports & Fitness,54.0,64%,Secretariat (2010),158
Sports & Fitness,55.0,64%,The Sandlot (1993),59
Sports & Fitness,56.0,60%,Dust to Glory (2005),68
Sports & Fitness,57.0,61%,NASCAR: The IMAX Experience (2004),44
Sports & Fitness,58.0,56%,Glory Road (2006),153
Sports & Fitness,59.0,55%,Because of Winn-Dixie (2005),122
Sports & Fitness,60.0,57%,The Perfect Game (2010),44
Sports & Fitness,61.0,54%,Steep (2007),48
Sports & Fitness,62.0,52%,First Descent (2005),64
Sports & Fitness,63.0,45%,Soul Surfer (2011),106
Sports & Fitness,64.0,41%,The Replacements (2000),108
Sports & Fitness,65.0,41%,Beerfest (2006),108
Sports & Fitness,66.0,42%,Goal! The Dream Begins (Goal!: The Impossible Dream) (2005),83
Sports & Fitness,67.0,31%,Grudge Match (2013),144
Sports & Fitness,68.0,22%,Jiminy Glick in Lalawood (2005),45
Sports & Fitness,69.0,4%,Playing for Keeps (2012),91
Television,1.0,98%,Life Itself (2014),203
Television,2.0,100%,Afghan Star (2009),62
Television,3.0,98%,A Film Unfinished (2010),65
Television,4.0,94%,Room 237 (2013),133
Television,5.0,97%,49 Up (2006),65
Television,6.0,96%,The Return (2004),89
Television,7.0,94%,Behind the Candelabra (2013),108
Television,8.0,95%,"Not Quite Hollywood: The Wild, Untold Story of Ozploitation! (2008)",66
Television,9.0,95%,Being Elmo: A Puppeteer's Journey (2011),78
Television,10.0,96%,Los Angeles Plays Itself (2003),45
Television,11.0,94%,Lost in La Mancha (2003),101
Television,12.0,91%,El Camino: A Breaking Bad Movie (2019),129
Television,13.0,95%,Sing Your Song (2012),40
Television,14.0,94%,American Movie (1999),48
Television,15.0,94%,Best Worst Movie (2010),70
Television,16.0,94%,The Normal Heart (2014),50
Television,17.0,93%,Side by Side (2012),68
Television,18.0,92%,Joan Rivers: A Piece Of Work (2010),109
Television,19.0,93%,"Yoo-hoo, Mrs. Goldberg (2009)",68
Television,20.0,91%,The Kid Stays in the Picture (2002),113
Television,21.0,88%,F for Fake (1974),50
Television,22.0,92%,"Electric Boogaloo: The Wild, Untold Story of Cannon Films (2012)",48
Television,23.0,88%,Duel (1972),43
Television,24.0,91%,Saraband (2003),85
Television,25.0,92%,Corman's World: Exploits Of A Hollywood Rebel (2011),51
Television,26.0,89%,The Five Obstructions (2003),62
Television,27.0,84%,Doctor Zhivago (1965),50
Television,28.0,88%,Tell Them Who You Are (2005),65
Television,29.0,84%,This Film Is Not Yet Rated (2006),118
Television,30.0,85%,Trekkies (1999),41
Television,31.0,85%,Outfoxed: Rupert Murdoch's War on Journalism (2004),60
Television,32.0,82%,Inside Deep Throat (2005),122
Television,33.0,84%,Trumbo (2007),55
Television,34.0,83%,Confirmation (2016),48
Television,35.0,82%,Blank City (2011),44
Television,36.0,78%,Tupac: Resurrection (2003),90
Television,37.0,78%,Overnight (2004),78
Television,38.0,76%,Teacher's Pet (2004),74
Television,39.0,72%,POM Wonderful Presents: The Greatest Movie Ever Sold (2011),134
Television,40.0,73%,Fellini: I'm a Born Liar (2003),40
Television,41.0,72%,Only Human (Seres queridos) (2006),53
Television,42.0,71%,My Date With Drew (2004),65
Television,43.0,71%,Waking Sleeping Beauty (2010),51
Television,44.0,69%,Porn Star: The Legend of Ron Jeremy (2001),49
Television,45.0,61%,Cinema Verite (2011),41
Television,46.0,59%,The Rugrats Movie (1998),51
Television,47.0,53%,I'm Still Here (2010),132
Television,48.0,53%,Bamboozled (2000),106
Television,49.0,49%,No Strings Attached (2011),173
Television,50.0,50%,Phil Spector (2013),40
Television,51.0,36%,I Am (2011),47
Television,52.0,34%,The Real Cancun (2003),90
Television,53.0,32%,15 Minutes (2001),125
Television,54.0,21%,Man of the Year (2006),147
Television,55.0,21%,Pokémon 3: The Movie (2001),57
Television,56.0,13%,The Honeymooners (2005),112
Television,57.0,9%,From Justin To Kelly (2003),64
Western,1.0,100%,The Treasure of the Sierra Madre (1948),52
Western,2.0,97%,"The Good, the Bad and the Ugly (1966)",77
Western,3.0,100%,Stagecoach (1939),45
Western,4.0,95%,High Noon (1952),60
Western,5.0,96%,Unforgiven (1992),106
Western,6.0,95%,True Grit (2010),275
Western,7.0,98%,A Fistful of Dollars (Per un Pugno di Dollari) (1964),51
Western,8.0,98%,Rio Bravo (1959),43
Western,9.0,96%,The Searchers (1956),50
Western,10.0,95%,Once Upon a Time in the West (1968),65
Western,11.0,98%,Deadwood: The Movie (2019),88
Western,12.0,94%,Johnny Guitar (1954),48
Western,13.0,89%,The Ballad of Buster Scruggs (2018),234
Western,14.0,94%,The Man Who Shot Liberty Valance (1962),48
Western,15.0,97%,Sweetgrass (2009),64
Western,16.0,90%,The Wild Bunch (1969),63
Western,17.0,86%,Django Unchained (2012),294
Western,18.0,89%,3:10 to Yuma (2007),224
Western,19.0,91%,Giant (1956),46
Western,20.0,94%,Lone Star (1996),48
Western,21.0,89%,True Grit (1969),55
Western,22.0,89%,Butch Cassidy and the Sundance Kid (1969),54
Western,23.0,88%,Blazing Saddles (1974),60
Western,24.0,91%,Bone Tomahawk (2015),98
Western,25.0,89%,The Magnificent Seven (1960),44
Western,26.0,90%,The Outlaw Josey Wales (1976),42
Western,27.0,91%,City Slickers (1991),43
Western,28.0,87%,The Harder They Fall (2021),190
Western,29.0,89%,Prospect (2018),53
Western,30.0,85%,The Three Burials of Melquiades Estrada (2006),149
Western,31.0,86%,Meek's Cutoff (2011),130
Western,32.0,84%,McCabe & Mrs. Miller (1971),56
Western,33.0,85%,The Proposition (2005),129
Western,34.0,85%,Westworld (1973),41
Western,35.0,83%,Dances With Wolves (1990),76
Western,36.0,74%,The Hateful Eight (2015),337
Western,37.0,81%,Near Dark (1987),68
Western,38.0,80%,The Homesman (2014),156
Western,39.0,79%,Open Range (2003),184
Western,40.0,79%,Shanghai Noon (2000),135
Western,41.0,82%,"The Good, the Bad, the Weird (Joheun-nom, Nabbeun-nom, Isanghan-nom) (2010)",66
Western,42.0,76%,Appaloosa (2008),164
Western,43.0,76%,The Assassination of Jesse James by the Coward Robert Ford (2007),176
Western,44.0,79%,Red Hill (2010),68
Western,45.0,71%,Hostiles (2018),225
Western,46.0,76%,The Ballad of Little Jo (1993),50
Western,47.0,77%,In a Valley of Violence (2016),69
Western,48.0,74%,Tombstone (1993),46
Western,49.0,75%,Blackthorn (2011),75
Western,50.0,74%,The Horse Whisperer (1998),57
Western,51.0,74%,The Keeping Room (2015),86
Western,52.0,75%,Fah talai jone (Tears of the Black Tiger) (2007),63
Western,53.0,64%,The Magnificent Seven (2016),315
Western,54.0,72%,The Salvation (2015),81
Western,55.0,71%,Dead Man (1995),52
Western,56.0,67%,The Rover (2014),171
Western,57.0,66%,Maverick (1994),53
Western,58.0,62%,The Claim (2000),85
Western,59.0,58%,The Missing (2003),174
Western,60.0,59%,Heaven's Gate (1980),46
Western,61.0,58%,Legends of the Fall (1994),57
Western,62.0,57%,The Quick and the Dead (1995),40
Western,63.0,55%,The Killer Inside Me (2010),129
Western,64.0,56%,Sukiyaki Western Django (2008),55
Western,65.0,55%,Seraphim Falls (2007),85
Western,66.0,55%,Ned Kelly (2003),58
Western,67.0,52%,Down in the Valley (2006),101
Western,68.0,44%,Cowboys & Aliens (2011),257
Western,69.0,49%,The Pale Door (2020),41
Western,70.0,45%,Three Amigos! (1986),42
Western,71.0,43%,Brimstone (2017),77
Western,72.0,43%,Jane Got a Gun (2016),82
Western,73.0,43%,The Kid (2019),46
Western,74.0,42%,Forsaken (2016),45
Western,75.0,33%,A Million Ways to Die in the West (2014),212
Western,76.0,30%,The Lone Ranger (2013),247
Western,77.0,32%,Wyatt Earp (1994),82
Western,78.0,29%,The Alamo (2004),159
Western,79.0,31%,The Warrior's Way (2010),42
Western,80.0,16%,The Dark Tower (2017),277
Western,81.0,17%,Wild Wild West (1999),132
Western,82.0,15%,Priest (2011),101
Western,83.0,16%,September Dawn (2007),55
Western,84.0,14%,American Outlaws (2001),103
Western,85.0,12%,Jonah Hex (2010),153
Western,86.0,2%,Texas Rangers (2001),51
