Domain Code,Domain,Area Code,Area,Element Code,Element,Item Code,Item,Year Code,Year,Unit,Value,Flag,Flag Description
"RL","Land Use","2","Afghanistan","5110","Area","6601","Land area","2013","2013","1000 ha","65286","Fm","Manual Estimation"
"RL","Land Use","3","Albania","5110","Area","6601","Land area","2013","2013","1000 ha","2740","Q","Official data reported on FAO Questionnaires from countries"
"RL","Land Use","4","Algeria","5110","Area","6601","Land area","2013","2013","1000 ha","238174","Q","Official data reported on FAO Questionnaires from countries"
"RL","Land Use","5","American Samoa","5110","Area","6601","Land area","2013","2013","1000 ha","20","W","Data reported on country official publications or web sites (Official) or trade country files"
"RL","Land Use","6","Andorra","5110","Area","6601","Land area","2013","2013","1000 ha","47","W","Data reported on country official publications or web sites (Official) or trade country files"
"RL","Land Use","7","Angola","5110","Area","6601","Land area","2013","2013","1000 ha","124670","W","Data reported on country official publications or web sites (Official) or trade country files"
"RL","Land Use","258","Anguilla","5110","Area","6601","Land area","2013","2013","1000 ha","9","W","Data reported on country official publications or web sites (Official) or trade country files"
"RL","Land Use","8","Antigua and Barbuda","5110","Area","6601","Land area","2013","2013","1000 ha","44","W","Data reported on country official publications or web sites (Official) or trade country files"
"RL","Land Use","9","Argentina","5110","Area","6601","Land area","2013","2013","1000 ha","273669","Fm","Manual Estimation"
"RL","Land Use","1","Armenia","5110","Area","6601","Land area","2013","2013","1000 ha","2847","Q","Official data reported on FAO Questionnaires from countries"
"RL","Land Use","22","Aruba","5110","Area","6601","Land area","2013","2013","1000 ha","18","W","Data reported on country official publications or web sites (Official) or trade country files"
"RL","Land Use","10","Australia","5110","Area","6601","Land area","2013","2013","1000 ha","768230","Q","Official data reported on FAO Questionnaires from countries"
"RL","Land Use","11","Austria","5110","Area","6601","Land area","2013","2013","1000 ha","8253.1","Q","Official data reported on FAO Questionnaires from countries"
"RL","Land Use","52","Azerbaijan","5110","Area","6601","Land area","2013","2013","1000 ha","8265.9","Q","Official data reported on FAO Questionnaires from countries"
"RL","Land Use","12","Bahamas","5110","Area","6601","Land area","2013","2013","1000 ha","1001","Fm","Manual Estimation"
"RL","Land Use","13","Bahrain","5110","Area","6601","Land area","2013","2013","1000 ha","77","W","Data reported on country official publications or web sites (Official) or trade country files"
"RL","Land Use","16","Bangladesh","5110","Area","6601","Land area","2013","2013","1000 ha","13017","Fm","Manual Estimation"
"RL","Land Use","14","Barbados","5110","Area","6601","Land area","2013","2013","1000 ha","43","W","Data reported on country official publications or web sites (Official) or trade country files"
"RL","Land Use","57","Belarus","5110","Area","6601","Land area","2013","2013","1000 ha","20290.8","Q","Official data reported on FAO Questionnaires from countries"
"RL","Land Use","255","Belgium","5110","Area","6601","Land area","2013","2013","1000 ha","3028","Fm","Manual Estimation"
"RL","Land Use","23","Belize","5110","Area","6601","Land area","2013","2013","1000 ha","2281","Fm","Manual Estimation"
"RL","Land Use","53","Benin","5110","Area","6601","Land area","2013","2013","1000 ha","11276","Fm","Manual Estimation"
"RL","Land Use","17","Bermuda","5110","Area","6601","Land area","2013","2013","1000 ha","5.4","Q","Official data reported on FAO Questionnaires from countries"
"RL","Land Use","18","Bhutan","5110","Area","6601","Land area","2013","2013","1000 ha","3811.7","Q","Official data reported on FAO Questionnaires from countries"
"RL","Land Use","19","Bolivia (Plurinational State of)","5110","Area","6601","Land area","2013","2013","1000 ha","108330","Fm","Manual Estimation"
"RL","Land Use","80","Bosnia and Herzegovina","5110","Area","6601","Land area","2013","2013","1000 ha","5120","Q","Official data reported on FAO Questionnaires from countries"
"RL","Land Use","20","Botswana","5110","Area","6601","Land area","2013","2013","1000 ha","56673","Fm","Manual Estimation"
"RL","Land Use","21","Brazil","5110","Area","6601","Land area","2013","2013","1000 ha","835814","Fm","Manual Estimation"
"RL","Land Use","239","British Virgin Islands","5110","Area","6601","Land area","2013","2013","1000 ha","15","W","Data reported on country official publications or web sites (Official) or trade country files"
"RL","Land Use","26","Brunei Darussalam","5110","Area","6601","Land area","2013","2013","1000 ha","527","Fm","Manual Estimation"
"RL","Land Use","27","Bulgaria","5110","Area","6601","Land area","2013","2013","1000 ha","10856","Fm","Manual Estimation"
"RL","Land Use","233","Burkina Faso","5110","Area","6601","Land area","2013","2013","1000 ha","27360","Fm","Manual Estimation"
"RL","Land Use","29","Burundi","5110","Area","6601","Land area","2013","2013","1000 ha","2568","Fm","Manual Estimation"
"RL","Land Use","35","Cabo Verde","5110","Area","6601","Land area","2013","2013","1000 ha","403","Q","Official data reported on FAO Questionnaires from countries"
"RL","Land Use","115","Cambodia","5110","Area","6601","Land area","2013","2013","1000 ha","17652","Fm","Manual Estimation"
"RL","Land Use","32","Cameroon","5110","Area","6601","Land area","2013","2013","1000 ha","47271","Fm","Manual Estimation"
"RL","Land Use","33","Canada","5110","Area","6601","Land area","2013","2013","1000 ha","909351","Q","Official data reported on FAO Questionnaires from countries"
"RL","Land Use","36","Cayman Islands","5110","Area","6601","Land area","2013","2013","1000 ha","24","W","Data reported on country official publications or web sites (Official) or trade country files"
"RL","Land Use","37","Central African Republic","5110","Area","6601","Land area","2013","2013","1000 ha","62298","W","Data reported on country official publications or web sites (Official) or trade country files"
"RL","Land Use","39","Chad","5110","Area","6601","Land area","2013","2013","1000 ha","125920","Fm","Manual Estimation"
"RL","Land Use","259","Channel Islands","5110","Area","6601","Land area","2013","2013","1000 ha","19.8","W","Data reported on country official publications or web sites (Official) or trade country files"
"RL","Land Use","40","Chile","5110","Area","6601","Land area","2013","2013","1000 ha","74353.2","Q","Official data reported on FAO Questionnaires from countries"
"RL","Land Use","351","China","5110","Area","6601","Land area","2013","2013","1000 ha","942470.13","A","Aggregate, may include official, semi-official, estimated or calculated data"
"RL","Land Use","96","China, Hong Kong SAR","5110","Area","6601","Land area","2013","2013","1000 ha","105","Fm","Manual Estimation"
"RL","Land Use","128","China, Macao SAR","5110","Area","6601","Land area","2013","2013","1000 ha","3.03","Q","Official data reported on FAO Questionnaires from countries"
"RL","Land Use","41","China, mainland","5110","Area","6601","Land area","2013","2013","1000 ha","938821.1","Fm","Manual Estimation"
"RL","Land Use","214","China, Taiwan Province of","5110","Area","6601","Land area","2013","2013","1000 ha","3541","Fm","Manual Estimation"
"RL","Land Use","44","Colombia","5110","Area","6601","Land area","2013","2013","1000 ha","110950","Q","Official data reported on FAO Questionnaires from countries"
"RL","Land Use","45","Comoros","5110","Area","6601","Land area","2013","2013","1000 ha","186.1","W","Data reported on country official publications or web sites (Official) or trade country files"
"RL","Land Use","46","Congo","5110","Area","6601","Land area","2013","2013","1000 ha","34150","Fm","Manual Estimation"
"RL","Land Use","47","Cook Islands","5110","Area","6601","Land area","2013","2013","1000 ha","24","W","Data reported on country official publications or web sites (Official) or trade country files"
"RL","Land Use","48","Costa Rica","5110","Area","6601","Land area","2013","2013","1000 ha","5106","Fm","Manual Estimation"
"RL","Land Use","107","Côte d'Ivoire","5110","Area","6601","Land area","2013","2013","1000 ha","31800","Fm","Manual Estimation"
"RL","Land Use","98","Croatia","5110","Area","6601","Land area","2013","2013","1000 ha","5596","Q","Official data reported on FAO Questionnaires from countries"
"RL","Land Use","49","Cuba","5110","Area","6601","Land area","2013","2013","1000 ha","10422","Q","Official data reported on FAO Questionnaires from countries"
"RL","Land Use","50","Cyprus","5110","Area","6601","Land area","2013","2013","1000 ha","924","Q","Official data reported on FAO Questionnaires from countries"
"RL","Land Use","167","Czechia","5110","Area","6601","Land area","2013","2013","1000 ha","7722","Q","Official data reported on FAO Questionnaires from countries"
"RL","Land Use","116","Democratic People's Republic of Korea","5110","Area","6601","Land area","2013","2013","1000 ha","12041","Fm","Manual Estimation"
"RL","Land Use","250","Democratic Republic of the Congo","5110","Area","6601","Land area","2013","2013","1000 ha","226705","Fm","Manual Estimation"
"RL","Land Use","54","Denmark","5110","Area","6601","Land area","2013","2013","1000 ha","4199","Fm","Manual Estimation"
"RL","Land Use","72","Djibouti","5110","Area","6601","Land area","2013","2013","1000 ha","2318","Fm","Manual Estimation"
"RL","Land Use","55","Dominica","5110","Area","6601","Land area","2013","2013","1000 ha","75","W","Data reported on country official publications or web sites (Official) or trade country files"
"RL","Land Use","56","Dominican Republic","5110","Area","6601","Land area","2013","2013","1000 ha","4831","Q","Official data reported on FAO Questionnaires from countries"
"RL","Land Use","58","Ecuador","5110","Area","6601","Land area","2013","2013","1000 ha","24836","Q","Official data reported on FAO Questionnaires from countries"
"RL","Land Use","59","Egypt","5110","Area","6601","Land area","2013","2013","1000 ha","99545","Q","Official data reported on FAO Questionnaires from countries"
"RL","Land Use","60","El Salvador","5110","Area","6601","Land area","2013","2013","1000 ha","2072","Fm","Manual Estimation"
"RL","Land Use","61","Equatorial Guinea","5110","Area","6601","Land area","2013","2013","1000 ha","2805","W","Data reported on country official publications or web sites (Official) or trade country files"
"RL","Land Use","178","Eritrea","5110","Area","6601","Land area","2013","2013","1000 ha","10100","Fm","Manual Estimation"
"RL","Land Use","63","Estonia","5110","Area","6601","Land area","2013","2013","1000 ha","4347","Q","Official data reported on FAO Questionnaires from countries"
"RL","Land Use","209","Eswatini","5110","Area","6601","Land area","2013","2013","1000 ha","1720","Fm","Manual Estimation"
"RL","Land Use","238","Ethiopia","5110","Area","6601","Land area","2013","2013","1000 ha","100000","Fm","Manual Estimation"
"RL","Land Use","65","Falkland Islands (Malvinas)","5110","Area","6601","Land area","2013","2013","1000 ha","1217","W","Data reported on country official publications or web sites (Official) or trade country files"
"RL","Land Use","64","Faroe Islands","5110","Area","6601","Land area","2013","2013","1000 ha","139.6","W","Data reported on country official publications or web sites (Official) or trade country files"
"RL","Land Use","66","Fiji","5110","Area","6601","Land area","2013","2013","1000 ha","1827","Fm","Manual Estimation"
"RL","Land Use","67","Finland","5110","Area","6601","Land area","2013","2013","1000 ha","30389","Q","Official data reported on FAO Questionnaires from countries"
"RL","Land Use","68","France","5110","Area","6601","Land area","2013","2013","1000 ha","54755.7","Fm","Manual Estimation"
"RL","Land Use","69","French Guiana","5110","Area","6601","Land area","2013","2013","1000 ha","8220","Fm","Manual Estimation"
"RL","Land Use","70","French Polynesia","5110","Area","6601","Land area","2013","2013","1000 ha","366","Fm","Manual Estimation"
"RL","Land Use","74","Gabon","5110","Area","6601","Land area","2013","2013","1000 ha","25767","W","Data reported on country official publications or web sites (Official) or trade country files"
"RL","Land Use","75","Gambia","5110","Area","6601","Land area","2013","2013","1000 ha","1012","Fm","Manual Estimation"
"RL","Land Use","73","Georgia","5110","Area","6601","Land area","2013","2013","1000 ha","6949","Fm","Manual Estimation"
"RL","Land Use","79","Germany","5110","Area","6601","Land area","2013","2013","1000 ha","34888","Q","Official data reported on FAO Questionnaires from countries"
"RL","Land Use","81","Ghana","5110","Area","6601","Land area","2013","2013","1000 ha","22754","Q","Official data reported on FAO Questionnaires from countries"
"RL","Land Use","82","Gibraltar","5110","Area","6601","Land area","2013","2013","1000 ha","1","W","Data reported on country official publications or web sites (Official) or trade country files"
"RL","Land Use","84","Greece","5110","Area","6601","Land area","2013","2013","1000 ha","12890","Fm","Manual Estimation"
"RL","Land Use","85","Greenland","5110","Area","6601","Land area","2013","2013","1000 ha","41045","W","Data reported on country official publications or web sites (Official) or trade country files"
"RL","Land Use","86","Grenada","5110","Area","6601","Land area","2013","2013","1000 ha","34","W","Data reported on country official publications or web sites (Official) or trade country files"
"RL","Land Use","87","Guadeloupe","5110","Area","6601","Land area","2013","2013","1000 ha","169","Fm","Manual Estimation"
"RL","Land Use","88","Guam","5110","Area","6601","Land area","2013","2013","1000 ha","54","W","Data reported on country official publications or web sites (Official) or trade country files"
"RL","Land Use","89","Guatemala","5110","Area","6601","Land area","2013","2013","1000 ha","10716","Fm","Manual Estimation"
"RL","Land Use","90","Guinea","5110","Area","6601","Land area","2013","2013","1000 ha","24572","Fm","Manual Estimation"
"RL","Land Use","175","Guinea-Bissau","5110","Area","6601","Land area","2013","2013","1000 ha","2812","Fm","Manual Estimation"
"RL","Land Use","91","Guyana","5110","Area","6601","Land area","2013","2013","1000 ha","19685","Fm","Manual Estimation"
"RL","Land Use","93","Haiti","5110","Area","6601","Land area","2013","2013","1000 ha","2756","Fm","Manual Estimation"
"RL","Land Use","95","Honduras","5110","Area","6601","Land area","2013","2013","1000 ha","11189","Fm","Manual Estimation"
"RL","Land Use","97","Hungary","5110","Area","6601","Land area","2013","2013","1000 ha","9053","Q","Official data reported on FAO Questionnaires from countries"
"RL","Land Use","99","Iceland","5110","Area","6601","Land area","2013","2013","1000 ha","10025","Q","Official data reported on FAO Questionnaires from countries"
"RL","Land Use","100","India","5110","Area","6601","Land area","2013","2013","1000 ha","297319","Fm","Manual Estimation"
"RL","Land Use","101","Indonesia","5110","Area","6601","Land area","2013","2013","1000 ha","181157","Fm","Manual Estimation"
"RL","Land Use","102","Iran (Islamic Republic of)","5110","Area","6601","Land area","2013","2013","1000 ha","162876","Q","Official data reported on FAO Questionnaires from countries"
"RL","Land Use","103","Iraq","5110","Area","6601","Land area","2013","2013","1000 ha","43412.8","Q","Official data reported on FAO Questionnaires from countries"
"RL","Land Use","104","Ireland","5110","Area","6601","Land area","2013","2013","1000 ha","6889","Q","Official data reported on FAO Questionnaires from countries"
"RL","Land Use","264","Isle of Man","5110","Area","6601","Land area","2013","2013","1000 ha","57","W","Data reported on country official publications or web sites (Official) or trade country files"
"RL","Land Use","105","Israel","5110","Area","6601","Land area","2013","2013","1000 ha","2164","Q","Official data reported on FAO Questionnaires from countries"
"RL","Land Use","106","Italy","5110","Area","6601","Land area","2013","2013","1000 ha","29414","Fm","Manual Estimation"
"RL","Land Use","109","Jamaica","5110","Area","6601","Land area","2013","2013","1000 ha","1083","Fm","Manual Estimation"
"RL","Land Use","110","Japan","5110","Area","6601","Land area","2013","2013","1000 ha","36456","Fm","Manual Estimation"
"RL","Land Use","112","Jordan","5110","Area","6601","Land area","2013","2013","1000 ha","8878","Q","Official data reported on FAO Questionnaires from countries"
"RL","Land Use","108","Kazakhstan","5110","Area","6601","Land area","2013","2013","1000 ha","269970","Fm","Manual Estimation"
"RL","Land Use","114","Kenya","5110","Area","6601","Land area","2013","2013","1000 ha","56914","W","Data reported on country official publications or web sites (Official) or trade country files"
"RL","Land Use","83","Kiribati","5110","Area","6601","Land area","2013","2013","1000 ha","81","Fm","Manual Estimation"
"RL","Land Use","118","Kuwait","5110","Area","6601","Land area","2013","2013","1000 ha","1782","Q","Official data reported on FAO Questionnaires from countries"
"RL","Land Use","113","Kyrgyzstan","5110","Area","6601","Land area","2013","2013","1000 ha","19180","Fm","Manual Estimation"
"RL","Land Use","120","Lao People's Democratic Republic","5110","Area","6601","Land area","2013","2013","1000 ha","23080","Fm","Manual Estimation"
"RL","Land Use","119","Latvia","5110","Area","6601","Land area","2013","2013","1000 ha","6219","Q","Official data reported on FAO Questionnaires from countries"
"RL","Land Use","121","Lebanon","5110","Area","6601","Land area","2013","2013","1000 ha","1023","Fm","Manual Estimation"
"RL","Land Use","122","Lesotho","5110","Area","6601","Land area","2013","2013","1000 ha","3036","W","Data reported on country official publications or web sites (Official) or trade country files"
"RL","Land Use","123","Liberia","5110","Area","6601","Land area","2013","2013","1000 ha","9632","W","Data reported on country official publications or web sites (Official) or trade country files"
"RL","Land Use","124","Libya","5110","Area","6601","Land area","2013","2013","1000 ha","175954","W","Data reported on country official publications or web sites (Official) or trade country files"
"RL","Land Use","125","Liechtenstein","5110","Area","6601","Land area","2013","2013","1000 ha","16","W","Data reported on country official publications or web sites (Official) or trade country files"
"RL","Land Use","126","Lithuania","5110","Area","6601","Land area","2013","2013","1000 ha","6267.5","Q","Official data reported on FAO Questionnaires from countries"
"RL","Land Use","256","Luxembourg","5110","Area","6601","Land area","2013","2013","1000 ha","243","Q","Official data reported on FAO Questionnaires from countries"
"RL","Land Use","129","Madagascar","5110","Area","6601","Land area","2013","2013","1000 ha","58180","Fm","Manual Estimation"
"RL","Land Use","130","Malawi","5110","Area","6601","Land area","2013","2013","1000 ha","9428","Q","Official data reported on FAO Questionnaires from countries"
"RL","Land Use","131","Malaysia","5110","Area","6601","Land area","2013","2013","1000 ha","32855","Fm","Manual Estimation"
"RL","Land Use","132","Maldives","5110","Area","6601","Land area","2013","2013","1000 ha","30","Q","Official data reported on FAO Questionnaires from countries"
"RL","Land Use","133","Mali","5110","Area","6601","Land area","2013","2013","1000 ha","122019","Fm","Manual Estimation"
"RL","Land Use","134","Malta","5110","Area","6601","Land area","2013","2013","1000 ha","32","Q","Official data reported on FAO Questionnaires from countries"
"RL","Land Use","127","Marshall Islands","5110","Area","6601","Land area","2013","2013","1000 ha","18","W","Data reported on country official publications or web sites (Official) or trade country files"
"RL","Land Use","135","Martinique","5110","Area","6601","Land area","2013","2013","1000 ha","106","Fm","Manual Estimation"
"RL","Land Use","136","Mauritania","5110","Area","6601","Land area","2013","2013","1000 ha","103070","W","Data reported on country official publications or web sites (Official) or trade country files"
"RL","Land Use","137","Mauritius","5110","Area","6601","Land area","2013","2013","1000 ha","203","Q","Official data reported on FAO Questionnaires from countries"
"RL","Land Use","270","Mayotte","5110","Area","6601","Land area","2013","2013","1000 ha","37.4","W","Data reported on country official publications or web sites (Official) or trade country files"
"RL","Land Use","138","Mexico","5110","Area","6601","Land area","2013","2013","1000 ha","194395","Q","Official data reported on FAO Questionnaires from countries"
"RL","Land Use","145","Micronesia (Federated States of)","5110","Area","6601","Land area","2013","2013","1000 ha","70","W","Data reported on country official publications or web sites (Official) or trade country files"
"RL","Land Use","141","Mongolia","5110","Area","6601","Land area","2013","2013","1000 ha","155356","Fm","Manual Estimation"
"RL","Land Use","273","Montenegro","5110","Area","6601","Land area","2013","2013","1000 ha","1345","Fm","Manual Estimation"
"RL","Land Use","142","Montserrat","5110","Area","6601","Land area","2013","2013","1000 ha","10","W","Data reported on country official publications or web sites (Official) or trade country files"
"RL","Land Use","143","Morocco","5110","Area","6601","Land area","2013","2013","1000 ha","44630","Fm","Manual Estimation"
"RL","Land Use","144","Mozambique","5110","Area","6601","Land area","2013","2013","1000 ha","78638","Q","Official data reported on FAO Questionnaires from countries"
"RL","Land Use","28","Myanmar","5110","Area","6601","Land area","2013","2013","1000 ha","65308","Q","Official data reported on FAO Questionnaires from countries"
"RL","Land Use","147","Namibia","5110","Area","6601","Land area","2013","2013","1000 ha","82329","Fm","Manual Estimation"
"RL","Land Use","148","Nauru","5110","Area","6601","Land area","2013","2013","1000 ha","2","W","Data reported on country official publications or web sites (Official) or trade country files"
"RL","Land Use","149","Nepal","5110","Area","6601","Land area","2013","2013","1000 ha","14335","W","Data reported on country official publications or web sites (Official) or trade country files"
"RL","Land Use","150","Netherlands","5110","Area","6601","Land area","2013","2013","1000 ha","3369","Q","Official data reported on FAO Questionnaires from countries"
"RL","Land Use","151","Netherlands Antilles (former)","5110","Area","6601","Land area","2013","2013","1000 ha","80","W","Data reported on country official publications or web sites (Official) or trade country files"
"RL","Land Use","153","New Caledonia","5110","Area","6601","Land area","2013","2013","1000 ha","1828","Q","Official data reported on FAO Questionnaires from countries"
"RL","Land Use","156","New Zealand","5110","Area","6601","Land area","2013","2013","1000 ha","26331","Q","Official data reported on FAO Questionnaires from countries"
"RL","Land Use","157","Nicaragua","5110","Area","6601","Land area","2013","2013","1000 ha","12034","W","Data reported on country official publications or web sites (Official) or trade country files"
"RL","Land Use","158","Niger","5110","Area","6601","Land area","2013","2013","1000 ha","126670","Fm","Manual Estimation"
"RL","Land Use","159","Nigeria","5110","Area","6601","Land area","2013","2013","1000 ha","91077","Fm","Manual Estimation"
"RL","Land Use","160","Niue","5110","Area","6601","Land area","2013","2013","1000 ha","26","W","Data reported on country official publications or web sites (Official) or trade country files"
"RL","Land Use","161","Norfolk Island","5110","Area","6601","Land area","2013","2013","1000 ha","4","W","Data reported on country official publications or web sites (Official) or trade country files"
"RL","Land Use","163","Northern Mariana Islands","5110","Area","6601","Land area","2013","2013","1000 ha","46","W","Data reported on country official publications or web sites (Official) or trade country files"
"RL","Land Use","162","Norway","5110","Area","6601","Land area","2013","2013","1000 ha","36512.3","Q","Official data reported on FAO Questionnaires from countries"
"RL","Land Use","299","Palestine","5110","Area","6601","Land area","2013","2013","1000 ha","602","W","Data reported on country official publications or web sites (Official) or trade country files"
"RL","Land Use","221","Oman","5110","Area","6601","Land area","2013","2013","1000 ha","30950","Q","Official data reported on FAO Questionnaires from countries"
"RL","Land Use","165","Pakistan","5110","Area","6601","Land area","2013","2013","1000 ha","77088","Fm","Manual Estimation"
"RL","Land Use","180","Palau","5110","Area","6601","Land area","2013","2013","1000 ha","46","Fm","Manual Estimation"
"RL","Land Use","166","Panama","5110","Area","6601","Land area","2013","2013","1000 ha","7434","Fm","Manual Estimation"
"RL","Land Use","168","Papua New Guinea","5110","Area","6601","Land area","2013","2013","1000 ha","45286","Fm","Manual Estimation"
"RL","Land Use","169","Paraguay","5110","Area","6601","Land area","2013","2013","1000 ha","39730","Fm","Manual Estimation"
"RL","Land Use","170","Peru","5110","Area","6601","Land area","2013","2013","1000 ha","128000","Fm","Manual Estimation"
"RL","Land Use","171","Philippines","5110","Area","6601","Land area","2013","2013","1000 ha","29817","W","Data reported on country official publications or web sites (Official) or trade country files"
"RL","Land Use","172","Pitcairn Islands","5110","Area","6601","Land area","2013","2013","1000 ha","4.7","W","Data reported on country official publications or web sites (Official) or trade country files"
"RL","Land Use","173","Poland","5110","Area","6601","Land area","2013","2013","1000 ha","30621","Q","Official data reported on FAO Questionnaires from countries"
"RL","Land Use","174","Portugal","5110","Area","6601","Land area","2013","2013","1000 ha","9160.52","Fm","Manual Estimation"
"RL","Land Use","177","Puerto Rico","5110","Area","6601","Land area","2013","2013","1000 ha","887","Fm","Manual Estimation"
"RL","Land Use","179","Qatar","5110","Area","6601","Land area","2013","2013","1000 ha","1161","Q","Official data reported on FAO Questionnaires from countries"
"RL","Land Use","117","Republic of Korea","5110","Area","6601","Land area","2013","2013","1000 ha","9742.6","Fm","Manual Estimation"
"RL","Land Use","146","Republic of Moldova","5110","Area","6601","Land area","2013","2013","1000 ha","3288","Q","Official data reported on FAO Questionnaires from countries"
"RL","Land Use","182","Réunion","5110","Area","6601","Land area","2013","2013","1000 ha","251","Fm","Manual Estimation"
"RL","Land Use","183","Romania","5110","Area","6601","Land area","2013","2013","1000 ha","23003","Q","Official data reported on FAO Questionnaires from countries"
"RL","Land Use","185","Russian Federation","5110","Area","6601","Land area","2013","2013","1000 ha","1637687","Fm","Manual Estimation"
"RL","Land Use","184","Rwanda","5110","Area","6601","Land area","2013","2013","1000 ha","2467","Fm","Manual Estimation"
"RL","Land Use","187","Saint Helena, Ascension and Tristan da Cunha","5110","Area","6601","Land area","2013","2013","1000 ha","39","Fm","Manual Estimation"
"RL","Land Use","188","Saint Kitts and Nevis","5110","Area","6601","Land area","2013","2013","1000 ha","26","Q","Official data reported on FAO Questionnaires from countries"
"RL","Land Use","189","Saint Lucia","5110","Area","6601","Land area","2013","2013","1000 ha","61","Fm","Manual Estimation"
"RL","Land Use","190","Saint Pierre and Miquelon","5110","Area","6601","Land area","2013","2013","1000 ha","23","Fm","Manual Estimation"
"RL","Land Use","191","Saint Vincent and the Grenadines","5110","Area","6601","Land area","2013","2013","1000 ha","39","W","Data reported on country official publications or web sites (Official) or trade country files"
"RL","Land Use","244","Samoa","5110","Area","6601","Land area","2013","2013","1000 ha","283","Fm","Manual Estimation"
"RL","Land Use","192","San Marino","5110","Area","6601","Land area","2013","2013","1000 ha","6","W","Data reported on country official publications or web sites (Official) or trade country files"
"RL","Land Use","193","Sao Tome and Principe","5110","Area","6601","Land area","2013","2013","1000 ha","96","Fm","Manual Estimation"
"RL","Land Use","194","Saudi Arabia","5110","Area","6601","Land area","2013","2013","1000 ha","214969","Q","Official data reported on FAO Questionnaires from countries"
"RL","Land Use","195","Senegal","5110","Area","6601","Land area","2013","2013","1000 ha","19253","Fm","Manual Estimation"
"RL","Land Use","272","Serbia","5110","Area","6601","Land area","2013","2013","1000 ha","8746","Fm","Manual Estimation"
"RL","Land Use","196","Seychelles","5110","Area","6601","Land area","2013","2013","1000 ha","46","Fm","Manual Estimation"
"RL","Land Use","197","Sierra Leone","5110","Area","6601","Land area","2013","2013","1000 ha","7218","Fm","Manual Estimation"
"RL","Land Use","200","Singapore","5110","Area","6601","Land area","2013","2013","1000 ha","70.7","Fm","Manual Estimation"
"RL","Land Use","199","Slovakia","5110","Area","6601","Land area","2013","2013","1000 ha","4808.8","Q","Official data reported on FAO Questionnaires from countries"
"RL","Land Use","198","Slovenia","5110","Area","6601","Land area","2013","2013","1000 ha","2014","Q","Official data reported on FAO Questionnaires from countries"
"RL","Land Use","25","Solomon Islands","5110","Area","6601","Land area","2013","2013","1000 ha","2799","Fm","Manual Estimation"
"RL","Land Use","201","Somalia","5110","Area","6601","Land area","2013","2013","1000 ha","62734","Fm","Manual Estimation"
"RL","Land Use","202","South Africa","5110","Area","6601","Land area","2013","2013","1000 ha","121309","Fm","Manual Estimation"
"RL","Land Use","203","Spain","5110","Area","6601","Land area","2013","2013","1000 ha","50021","Fm","Manual Estimation"
"RL","Land Use","38","Sri Lanka","5110","Area","6601","Land area","2013","2013","1000 ha","6271","W","Data reported on country official publications or web sites (Official) or trade country files"
"RL","Land Use","207","Suriname","5110","Area","6601","Land area","2013","2013","1000 ha","15600","Fm","Manual Estimation"
"RL","Land Use","210","Sweden","5110","Area","6601","Land area","2013","2013","1000 ha","40734","W","Data reported on country official publications or web sites (Official) or trade country files"
"RL","Land Use","211","Switzerland","5110","Area","6601","Land area","2013","2013","1000 ha","3951.6","Q","Official data reported on FAO Questionnaires from countries"
"RL","Land Use","212","Syrian Arab Republic","5110","Area","6601","Land area","2013","2013","1000 ha","18363","Q","Official data reported on FAO Questionnaires from countries"
"RL","Land Use","208","Tajikistan","5110","Area","6601","Land area","2013","2013","1000 ha","13996","Fm","Manual Estimation"
"RL","Land Use","216","Thailand","5110","Area","6601","Land area","2013","2013","1000 ha","51089","Fm","Manual Estimation"
"RL","Land Use","154","North Macedonia","5110","Area","6601","Land area","2013","2013","1000 ha","2522","W","Data reported on country official publications or web sites (Official) or trade country files"
"RL","Land Use","176","Timor-Leste","5110","Area","6601","Land area","2013","2013","1000 ha","1487","Fm","Manual Estimation"
"RL","Land Use","217","Togo","5110","Area","6601","Land area","2013","2013","1000 ha","5439","Fm","Manual Estimation"
"RL","Land Use","218","Tokelau","5110","Area","6601","Land area","2013","2013","1000 ha","1","W","Data reported on country official publications or web sites (Official) or trade country files"
"RL","Land Use","219","Tonga","5110","Area","6601","Land area","2013","2013","1000 ha","72","W","Data reported on country official publications or web sites (Official) or trade country files"
"RL","Land Use","220","Trinidad and Tobago","5110","Area","6601","Land area","2013","2013","1000 ha","513","W","Data reported on country official publications or web sites (Official) or trade country files"
"RL","Land Use","222","Tunisia","5110","Area","6601","Land area","2013","2013","1000 ha","15536","Q","Official data reported on FAO Questionnaires from countries"
"RL","Land Use","223","Turkey","5110","Area","6601","Land area","2013","2013","1000 ha","76963","Q","Official data reported on FAO Questionnaires from countries"
"RL","Land Use","213","Turkmenistan","5110","Area","6601","Land area","2013","2013","1000 ha","46993","Fm","Manual Estimation"
"RL","Land Use","224","Turks and Caicos Islands","5110","Area","6601","Land area","2013","2013","1000 ha","95","W","Data reported on country official publications or web sites (Official) or trade country files"
"RL","Land Use","227","Tuvalu","5110","Area","6601","Land area","2013","2013","1000 ha","3","W","Data reported on country official publications or web sites (Official) or trade country files"
"RL","Land Use","226","Uganda","5110","Area","6601","Land area","2013","2013","1000 ha","20052","W","Data reported on country official publications or web sites (Official) or trade country files"
"RL","Land Use","230","Ukraine","5110","Area","6601","Land area","2013","2013","1000 ha","57932","Q","Official data reported on FAO Questionnaires from countries"
"RL","Land Use","225","United Arab Emirates","5110","Area","6601","Land area","2013","2013","1000 ha","7102","Q","Official data reported on FAO Questionnaires from countries"
"RL","Land Use","229","United Kingdom","5110","Area","6601","Land area","2013","2013","1000 ha","24193","Q","Official data reported on FAO Questionnaires from countries"
"RL","Land Use","215","United Republic of Tanzania","5110","Area","6601","Land area","2013","2013","1000 ha","88580","Fm","Manual Estimation"
"RL","Land Use","231","United States of America","5110","Area","6601","Land area","2013","2013","1000 ha","914742","Q","Official data reported on FAO Questionnaires from countries"
"RL","Land Use","240","United States Virgin Islands","5110","Area","6601","Land area","2013","2013","1000 ha","35","W","Data reported on country official publications or web sites (Official) or trade country files"
"RL","Land Use","234","Uruguay","5110","Area","6601","Land area","2013","2013","1000 ha","17502","W","Data reported on country official publications or web sites (Official) or trade country files"
"RL","Land Use","235","Uzbekistan","5110","Area","6601","Land area","2013","2013","1000 ha","42540","Fm","Manual Estimation"
"RL","Land Use","155","Vanuatu","5110","Area","6601","Land area","2013","2013","1000 ha","1219","Fm","Manual Estimation"
"RL","Land Use","236","Venezuela (Bolivarian Republic of)","5110","Area","6601","Land area","2013","2013","1000 ha","88205","Fm","Manual Estimation"
"RL","Land Use","237","Viet Nam","5110","Area","6601","Land area","2013","2013","1000 ha","31007","Fm","Manual Estimation"
"RL","Land Use","243","Wallis and Futuna Islands","5110","Area","6601","Land area","2013","2013","1000 ha","14","W","Data reported on country official publications or web sites (Official) or trade country files"
"RL","Land Use","205","Western Sahara","5110","Area","6601","Land area","2013","2013","1000 ha","26600","I","Country data reported by International Organizations where the country is a member (Semi-official) - WTO, EU, UNSD, etc."
"RL","Land Use","249","Yemen","5110","Area","6601","Land area","2013","2013","1000 ha","52797","Fm","Manual Estimation"
"RL","Land Use","251","Zambia","5110","Area","6601","Land area","2013","2013","1000 ha","74339","Fm","Manual Estimation"
"RL","Land Use","181","Zimbabwe","5110","Area","6601","Land area","2013","2013","1000 ha","38685","Fm","Manual Estimation"
